品名,CAS号
4-氯硝基苯,100-00-5
4-硝基苯胺,100-01-6
4-硝基苯酚,100-02-7
甲氧基苯甲酰氯,100-07-2
4-硝基溴化苄,100-11-8
对硝基乙苯,100-12-9
4-硝基氯化苄,100-14-1
4-硝基苯肼,100-16-3
4-硝基苯甲醚,100-17-4
对苯二甲酰氯,100-20-9
"4-硝基-N,N-二甲基苯胺",100-23-2
"1,4-二硝基苯",100-25-4
异氰酸对硝基苯酯,100-28-7
4-硝基苯乙醚,100-29-8
"N,N-二乙基乙撑二胺",100-36-7
"N,N-二乙基乙醇胺",100-37-8
溴化苄,100-39-0
4-乙烯-1-环己烯,100-40-3
乙苯,100-41-4
苯乙烯[稳定的],100-42-5
4-乙烯基吡啶,100-43-6
氯化苄,100-44-7
芐胺,100-46-9
苯甲腈,100-47-0
"1,2,3,6-四氢化苯甲醛",100-50-5
苄硫醇,100-53-8
氯化苯汞,100-56-1
苯基氢氧化汞,100-57-2
苯基溴化镁[浸在乙醚中的],100-58-3
N-甲基苯胺,100-61-8
苯肼,100-63-0
苯甲醚,100-66-3
2-乙烯基吡啶,100-69-6
2-乙基吡啶,100-71-0
二聚丙烯醛[稳定的],100-73-2
N-乙基吗啉,100-74-3
六亚甲基四胺,100-97-0
三异丁基铝,100-99-2
硝酸正戊酯,1002-16-0
硝酸钡,10022-31-8
一氧化二氮[压缩的或液化的],10024-97-2
一氯化硫,10025-67-9
氯化硒,10025-68-0
三氯硅烷,10025-78-2
三氯氧磷,10025-87-3
三氯化锑,10025-91-9
四氯化硒,10026-03-6
四氯化硅,10026-04-7
四氯化锡五水合物,10026-06-9
四氯化碲,10026-07-0
四氯化锆,10026-11-6
五氯化铌,10026-12-7
五氯化磷,10026-13-8
氟化亚钴,10026-17-2
氟化钴,10026-18-3
环戊胺,1003-03-8
亚砷酸铅,10031-13-7
溴化亚汞,10031-18-2
硝酸铜,10031-43-3
乙酸乙基丁酯,10031-87-5
高氯酸镁,10034-81-8
碘化氢[无水],10034-85-2
氢碘酸,10034-85-2
氢溴酸,10035-10-6
溴化氢,10035-10-6
四氟代肼,10036-47-2
四氯化锗,10038-98-9
硫酸羟胺,10039-54-0
硝酸锶,10042-76-9
硼酸,10043-35-3
硝酸汞,10045-94-0
二氧化氯,10049-04-4
硝酸镧,10099-59-9
硝酸镥,10099-67-9
硝酸铅,10099-74-8
硅酸铅,10099-76-0；11120-22-2
亚磷酸三苯酯,101-02-0
"4,4’-二氨基-3,3’-二氯二苯基甲烷",101-14-4
"N,N'-二亚硝基五亚甲基四胺[减敏的]",101-25-7
N(3-氯苯基)氨基甲酸(4-氯丁炔-2-基)脂,101-27-9
三聚氰酸三烯丙酯,101-37-1
4-氨基二苯胺,101-54-2
"二苯基甲烷-4,4'-二异氰酸酯",101-68-8
4-甲氧基二苯胺-4'-氯化重氮苯,101-69-9
"4,4'-亚甲基双苯胺",101-77-9
2-苄基吡啶,101-82-6
二环己胺,101-83-7
高锰酸钠,10101-50-5
亚硒酸钠,10102-18-8
亚碲酸钠,10102-20-2
一氧化氮,10102-43-9
二氧化氮,10102-44-0
硝酸铊,10102-45-1
砷酸铁,10102-49-5
砷酸亚铁,10102-50-8
偏砷酸,10102-53-1
砷酸镁,10103-50-1
砷酸二氢钠,10103-60-3
砷酸铜,10103-61-4
氯化镉,10108-64-2
硝酸铈,10108-73-3
"2,4-二硝基苯酚钠",1011-73-0
氯化亚汞,10112-91-1
高锰酸钙,10118-76-0
硫酸镉,10124-36-4
硝酸钙,10124-37-5
硫酸钴,10124-43-3
氯化铵汞,10124-48-8
亚砷酸钾,10124-50-2
环己烯基三氯硅烷,10137-69-6
氯酸钙,10137-74-3
硝酸铑,10139-58-9
硝酸钴,10141-05-6
硝酸镝,10143-38-1
硝酸铒,10168-80-6
氯酸铵,10192-29-7
亚硫酸氢铵,10192-30-0
N-乙基间甲苯胺,102-27-2
异氰酸二氯苯酯,102-36-3
"3,4-二氯苄基氯",102-47-6
三丙基铝,102-67-0
三正丙胺,102-69-2
三烯丙基胺,102-70-5
"N,N-二正丁基氨基乙醇",102-81-8
水合肼[含肼≤64%],10217-52-4
五氯化钼,10241-05-1
亚砷酸铜,10290-12-7
三溴化硼,10294-33-4
三氯化硼,10294-34-5
膦酸,10294-56-1
锰酸钾,10294-64-1
正丙苯,103-65-1
N-乙基苯胺,103-69-5
异硫氰酸苯酯,103-72-0
苯乙酰氯,103-80-0
"N,N-二甲基苄胺",103-83-3
N-苯基乙酰胺,103-84-4
"O,O-二乙基-S-(2-氯-1-酞酰亚氨基乙基)二硫代磷酸酯",10311-84-9
硝酸镉,10325-94-7
氯酸镁,10326-21-3
亚砷酸锌,10326-24-6
氯化钡,10361-37-2
硝酸铋,10361-44-1
硝酸镨,10361-80-5
氯酸锌,10361-95-2
硝酸镁,10377-60-3
对壬基酚,104-40-5
正丁基苯,104-51-8
2-乙基己胺,104-75-6
"N,N-二乙基-1,3-丙二胺",104-78-9
4-氯苄基氯,104-83-6
4-甲基苯甲腈,104-85-8
2-甲基-5-乙基吡啶,104-90-5
4-亚硝基苯酚,104-91-6
4-溴苯甲醚,104-92-7
4-甲氧基苯胺,104-94-9
硝酸铁,10421-48-4
亚硒酸钾,10431-47-7
高碘酸,10450-60-9
"过新庚酸枯酯[含量≤77%,含A型稀释剂≥23%]",104852-44-0
"1,4-二乙基苯",105-05-5
3-甲基-2-戊烯-4-炔醇,105-29-3
2-甲基-1-戊醇,105-30-6
溴乙酸乙酯,105-36-2
丙酸乙酯,105-37-3
氯乙酸乙酯,105-39-5
乙酸仲丁酯,105-46-4
氯乙酸异丙酯,105-48-6
正丁酸乙酯,105-54-4
氰基乙酸乙酯,105-56-6
"1,1-二乙氧基乙烷",105-57-7
碳酸二乙酯,105-58-8
过氧化二碳酸二异丙酯[52%＜含量≤100%],105-64-6
正丁酸正丙酯,105-66-8
"2,4-二甲苯酚",105-67-9
丙酸异戊酯,105-68-0
过氧化二月桂酰[含量≤100%],105-74-8
二-叔戊基过氧化物[含量≤100%],10508-09-5
氯化锌-3-(2-羟乙氧基)-4(吡咯烷-1-基)重氮苯,105185-95-3
四氧化二氮,10544-72-6
三氧化二氮,10544-73-7
二氯化硫,10545-99-0
碘酸钡,10567-69-8
重铬酸钠,10588-01-9
丁酸酐,106-31-0
3-庚酮,106-35-4
4-溴甲苯,106-38-7
4-溴苯胺,106-40-1
4-溴苯酚,106-41-2
"1,4-二甲苯",106-42-3
4-氯甲苯,106-43-4
4-甲酚,106-44-5
4-甲苯硫酚,106-45-6
4-氯苯胺,106-47-8
4-氯苯酚,106-48-9
4-甲基苯胺,106-49-0
"1,4-苯二胺",106-50-3
苯醌,106-51-4
对氯苯硫醇,106-54-7
"1,4-二甲基哌嗪",106-58-1
丙烯酸异丁酯[稳定的],106-63-8
3-辛酮,106-68-3
正己酸甲酯,106-70-7
"1,2-环氧丁烷",106-88-7
"1-氯-2,3-环氧丙烷",106-89-8
烯丙基缩水甘油醚,106-92-3
"1,2-二溴乙烷",106-93-4
1-溴丙烷,106-94-5
3-溴-1-丙烯,106-95-6
3-溴丙炔,106-96-7
正丁烷,106-97-8
1-丁烯,106-98-9
"1,3-丁二烯[稳定的]",106-99-0
"4,4-二甲基庚烷",1068-19-5
"2,5-二甲基-2,5-二(叔丁基过氧)-3-己烷[52%＜含量≤86%，含A型稀释剂≥14%]",1068-27-5
"2,5-二甲基-2,5-双-(过氧化叔丁基)-3-己炔[86%＜含量≤100%]",1068-27-5
1-丁炔[稳定的],107-00-6
2-丁烯,107-01-7
丙烯醛[稳定的],107-02-8
正丙硫醇,107-03-9
1-氯-2-溴乙烷,107-04-0
3-氯丙烯,107-05-1
"1,2-二氯乙烷",107-06-2
1-碘丙烷,107-08-4
1-氨基丙烷,107-10-8
2-丙烯腈[稳定的],107-13-1
氯乙腈,107-14-2
"1,2-乙二胺",107-15-3
一氯乙醛,107-20-0
甲基乙烯醚[稳定的],107-25-5
氯化乙基汞,107-27-7
乙醛肟,107-29-9
甲酸甲酯,107-31-3
丙基胂酸,107-34-6
烯丙基三氯硅烷[稳定的],107-37-9
"2,4,4-三甲基-1-戊烯",107-39-1
"2,4,4-三甲基-2-戊烯",107-40-4
叔辛胺,107-45-9
六甲基二硅醚,107-46-0
氯乙酸叔丁酯,107-59-5
4-甲氧基-4-甲基-2-戊酮,107-70-0
"过乙酸叔丁酯[32%＜含量≤52%,含A型稀释剂≥48%]",107-71-1
戊基三氯硅烷,107-72-2
2-溴戊烷,107-81-3
1-溴-3-甲基丁烷,107-82-4
2-甲基戊烷,107-83-5
1-氯-3-甲基丁烷,107-84-6
异戊胺,107-85-7
2-戊酮,107-87-9
3-羟基丁醛,107-89-1
正丁酸,107-92-6
3-氯丙酸,107-94-8
"2,2-二甲基庚烷",1071-26-7
1-甲基-3-丙基苯,1074-43-7
1-甲基-4-丙基苯,1074-55-1
"N,N-二甲基乙醇胺",108-01-0
1-硝基丙烷,108-03-2
乙酸乙烯酯[稳定的],108-05-4
"2,4-二甲基戊烷",108-08-7
"1,3-二甲基丁胺",108-09-8
4-甲基-2-戊酮,108-10-1
4-甲基-2-戊醇,108-11-2
异戊酰氯,108-12-3
"N,N-二甲基异丙醇胺",108-16-7
二异丙胺,108-18-9
异丙醚,108-20-3
乙酸异丙酯,108-21-4
乙酸异丙烯酯,108-22-5
氯甲酸异丙酯,108-23-6
乙酸酐,108-24-7
马来酸酐,108-31-6
3-甲基吡唑-5-二乙基磷酸酯,108-34-9
"1,3-二甲苯",108-38-3
3-甲酚,108-39-4
3-甲苯硫酚,108-40-7
3-氯甲苯,108-41-8
3-氯苯胺,108-42-9
3-氯苯酚,108-43-0
3-甲基苯胺,108-44-1
"1,3-苯二胺",108-45-2
"1,3-苯二酚",108-46-3
"2,4-二甲基吡啶",108-47-4
"2,6-二甲基吡啶",108-48-5
二氯异丙基醚,108-60-1
异戊酸乙酯,108-64-5
"1,3,5-三甲基苯",108-67-8
"3,5-二甲苯酚",108-68-9
"3,5-二甲基苯胺",108-69-0
"1,3,5-三氯代苯",108-70-3
间苯三酚,108-73-6
氰尿酰氯,108-77-0
二异丁基酮,108-83-8
"1,3-二甲基丁醇乙酸酯",108-84-9
溴苯,108-86-1
甲基环己烷,108-87-2
甲苯,108-88-3
4-甲基吡啶,108-89-4
氯苯,108-90-7
环己胺,108-91-8
环己酮,108-94-1
苯酚,108-95-2
3-甲基吡啶,108-99-6
"N´,N´-二甲基-N´-苯基-N´-(氟二氯甲硫基)磺酰胺",1085-98-9
N-甲基吗啉,109-02-4
2-甲基哌啶,109-05-7
2-甲基吡啶,109-06-8
2-氯吡啶,109-09-1
"叔丁基过氧异丁酸酯[52%＜含量≤77%,含B型稀释剂≥23%]",109-13-7
正丁酸正丁酯,109-21-7
脒基亚硝氨基脒基四氮烯[湿的，按质量含水或乙醇和水的混合物不低于30％],109-27-3
5-己烯-2-酮,109-49-9
正戊酸,109-52-4
异丁基乙烯基醚[稳定的],109-53-5
"N,N-二甲基-1,3-丙二胺",109-55-7
乙二醇异丙醚,109-59-1
乙酸正丙酯,109-60-4
氯甲酸正丙酯,109-61-5
三氟化硼乙醚络合物,109-63-7
1-溴丁烷,109-65-9
正戊烷,109-66-0
1-戊烯,109-67-1
2-戊烯,109-68-2
1-氯丁烷,109-69-3
1-氯-3-溴丙烷,109-70-6
正丁胺,109-73-9
正丁腈,109-74-0
3-丁烯腈,109-75-1
"1,3-丙二胺",109-76-2
丙二腈,109-77-3
正丁硫醇,109-79-5
乙二醇单甲醚,109-86-4
二甲氧基甲烷,109-87-5
二乙胺,109-89-7
异氰酸乙酯,109-90-0
乙烯基乙醚[稳定的],109-92-2
二乙烯基醚[稳定的],109-93-3
甲酸乙酯,109-94-4
亚硝酸乙酯,109-95-5
吡咯,109-97-7
四氢呋喃,109-99-9
呋喃,110-00-9
四氢噻吩,110-01-0
噻吩,110-02-1
二叔丁基过氧化物[52%＜含量≤100%],110-05-4
5-甲基-2-己酮,110-12-3
"N,N,N',N'-四甲基乙二胺",110-18-9
乙酸异丁酯,110-19-0
"过氧化二乙酰[含量≤27%,含B型稀释剂≥73%]",110-22-5
2-庚酮,110-43-0
甲酸异戊酯,110-45-2
亚硝酸异戊酯,110-46-3
2-甲氧基乙酸乙酯,110-49-6
溴代正戊烷,110-53-2
正己烷,110-54-3
"1,4-二氯丁烷",110-56-5
正戊胺,110-58-7
戊腈,110-59-8
"1,4-丁二胺",110-60-1
丁二腈,110-61-2
1-戊醛,110-62-3
"1,4-二羟基-2-丁炔",110-65-6
1-戊硫醇,110-66-7
N-甲基正丁胺,110-68-9
丁醛肟,110-69-0
"1,2-二甲氧基乙烷",110-71-4
甲酸正丙酯,110-74-7
乙烯(2-氯乙基)醚,110-75-8
羟基乙硫醚,110-77-0
异氰酸正丙酯,110-78-1
乙二醇乙醚,110-80-5
环己烷,110-82-7
环己烯,110-83-8
哌嗪,110-85-0
吡啶,110-86-1
三聚甲醛,110-88-3
哌啶,110-89-4
吗啉,110-91-8
二异丁胺,110-96-3
二异丙醇胺,110-97-4
毒毛旋花苷K,11005-63-3
"过新庚酸-1,1-二甲基-3-羟丁酯[含量≤52%,含A型稀释剂≥48%]",110972-57-1
庚酸,111-14-8
乙酸乙二醇乙醚,111-15-9
癸二酰氯,111-19-3
溴己烷,111-25-1
正己胺,111-26-2
戊二醛,111-30-8
己硫醇,111-31-9
正丁基乙烯基醚[稳定的],111-34-2
异氰酸正丁酯,111-36-4
二亚乙基三胺,111-40-0
"2,2'-二羟基二乙胺",111-42-2
正丙醚,111-43-3
"2,2-二氯二乙醚",111-44-4
二丙硫醚,111-47-7
六亚甲基亚胺,111-49-9
己二酰二氯,111-50-2
辛酰氯,111-64-8
正辛烷,111-65-9
1-辛烯,111-66-0
2-辛烯,111-67-1
正庚胺,111-68-2
己二腈,111-69-3
正庚醛,111-71-7
2-丁氧基乙醇,111-76-2
"1,5-环辛二烯",111-78-4
正辛硫醇,111-88-6
二正丁胺,111-92-2
"β,β'-亚氨基二丙腈",111-94-4
"β,β'-硫代二丙腈",111-97-7
氨基甲酸胺,1111-78-0
"过氧化甲基环己酮[含量≤67%,含B型稀释剂≤33%]",11118-65-3
"O,O-二甲基-S-(N-甲基氨基甲酰甲基)硫代磷酸酯",1113-02-6
钾钠合金,11135-81-2
三丁基铝,1116-70-7
十八烷基三氯硅烷,112-04-9
十二烷酰氯,112-16-3
三亚乙基四胺,112-24-3
十二烷基硫醇,112-55-0
四亚乙基五胺,112-57-2
十四烷酰氯,112-64-1
十六烷酰氯,112-67-4
十八烷酰氯,112-76-5
异氰酸十八酯,112-96-9
对硝基苯酚钾,1124-31-8
乙基苯基二氯硅烷,1125-27-5
3-甲基异喹啉,1125-80-0
N-正丁基苯胺,1126-78-9
丙烯,115-07-1
硫代甲酰胺,115-08-2
氯化甲基汞,115-09-3
二甲醚,115-10-6
异丁烯,115-11-7
三溴乙醛,115-17-3
2-甲基-3-丁炔-2-醇,115-19-5
乙基三氯硅烷,115-21-9
八氟环丁烷,115-25-3
"(1,4,5,6,7,7-六氯-8,9,10-三降冰片-5-烯-2,3-亚基双亚甲基)亚硫酸酯",115-29-7
"(1R,2R,4R)-冰片-2-硫氰基醋酸酯",115-31-1
原丙酸三乙酯,115-80-0
四氟乙烯[稳定的],116-14-3
六氟丙烯,116-15-4
六氯丙酮,116-16-5
二氯乙酸甲酯,116-54-1
8-(二甲基氨基甲基)-7-甲氧基氨基-3-甲基黄酮,1165-48-6
四氯邻苯二甲酸酐,117-08-8
"2,3-二氯-1,4-萘醌",117-80-6
"2,4-二亚硝基间苯二酚",118-02-5
N-乙基-1-萘胺,118-44-5
"2,6-二氯甲苯",118-69-4
六氯苯,118-74-1
"2,4,6-三硝基甲苯",118-96-7
羟基甲基汞,1184-57-2
铬酸叔丁酯四氯化碳溶液,1189-85-1
"2,4-二硝基苯肼",119-26-6
"2,4-二硝基苯甲醚",119-27-7
3-硝基-4-甲苯胺,119-32-4
2-硝基-4-甲苯酚,119-33-5
"3,3'-二甲氧基联苯胺",119-90-4
"3,3'-二甲基-4,4'-二氨基联苯",119-93-7
油酸汞,1191-80-6
4-乙烯基间二甲苯,1195-32-0
4-甲基异喹啉,1196-39-0
精蒽,120-12-7
"4-亚硝基-N,N-二乙基苯胺",120-22-9
"2-(2,4-二氯苯氧基)丙酸",120-36-5
3-甲基-6-甲氧基苯胺,120-71-8
"1,2-苯二酚",120-80-9
"1,2,4-三氯代苯",120-82-1
"2,4-二氯苯酚",120-83-2
环戊酮,120-92-3
环烷酸锌,12001-85-3
乙酰亚砷酸铜,12002-03-8
核酸汞,12002-19-6
硅铁铝[粉末状的],12003-41-7
砷化锌,12006-40-5
硅化钙,12013-55-7
硅钙,12013-56-8
五氧化二碘,12029-98-0
超氧化钾,12030-88-5
过氧化锂,12031-80-0
超氧化钠,12034-12-7
七硫化四磷,12037-82-0
二硫化钛,12039-13-3
钒酸铵钠,12055-09-3
氮化镁,12057-71-5
磷化镁,12057-74-8
磷化钠,12058-85-4
硒化铅,12069-00-0
三氯化三乙基二铝,12075-68-2
"2,4-二硝基甲苯",121-14-2
3-硝基-4-氯三氟甲苯,121-17-5
3-硝基-4-羟基苯胂酸,121-19-7
硼酸三甲酯,121-43-7
三乙胺,121-44-8
亚磷酸三甲酯,121-45-9
二环庚二烯,121-46-0
3-硝基苯磺酰氯,121-51-7
对氨基苯磺酸,121-57-3
"N,N-二甲基苯胺",121-69-7
3-氯硝基苯,121-73-3
"O-O-二甲基-S-[1,2-双(乙氧基甲酰)乙基]二硫代磷酸酯",121-75-5
环三亚甲基三硝胺[含水≥15%],121-82-4
2-氯-4-硝基苯胺,121-87-9
5-硝基-2-氨基苯酚,121-88-0
3-硝基苯甲酰氯,121-90-4
氟化铵,12125-01-8
氯锇酸铵,12125-08-5
硫氢化钙,12133-28-7
氧化钾,12136-45-7
三硫化二磷,12165-69-4
白磷,12185-10-3
4-氯苯甲酰氯,122-01-0
4-硝基苯甲酰氯,122-04-3
二苯胺,122-39-4
乙酸间甲酚酯,122-46-3
原甲酸三乙酯,122-51-0
亚磷酸三乙酯,122-52-1
三丁基硼,122-56-5
"2,3-环氧丙基苯基醚",122-60-1
"1,2-二苯肼",122-66-7
N-乙酰对苯二胺,122-80-5
硅锰钙,12205-44-6
多钒酸铵,12207-63-5
三溴化三甲基二铝,12263-85-3
乙基己醛,123-05-7
2-甲基戊醛,123-15-9
4-庚酮,123-19-3
正丁酸乙烯酯[稳定的],123-20-6
过氧化二琥珀酸[72%＜含量≤100%],123-23-9
4-氨基苯酚,123-30-8
"1,4-苯二酚",123-31-9
丙醛,123-38-6
4-羟基-4-甲基-2-戊酮,123-42-2
3-甲基-1-丁醇,123-51-3
"2,4-戊二酮",123-54-6
丙酸酐,123-62-6
三聚乙醛,123-63-7
正己酸乙酯,123-66-0
正丁醛,123-72-8
四氢吡咯,123-75-1
偶氮二甲酰胺,123-77-3
乙酸正丁酯,123-86-4
氯化甲氧基乙基汞,123-88-6
"1,4-二氧杂环己烷",123-91-1
乙酸异戊酯,123-92-2
二烯丙基胺,124-02-7
"1,6-己二胺",124-09-4
1-壬烯,124-11-8
正辛腈,124-12-9
正癸烷,124-18-5
二氧化碳[压缩的或液化的],124-38-9
二甲胺[无水],124-40-3
甲醇钠,124-41-4
过氧化脲,124-43-6
硝酸脲,124-47-0
二甲基胂酸钠,124-65-2
木防己苦毒素,124-87-8
代森锰,12427-38-2
磷化锶,12504-13-1
三氯化三甲基二铝,12542-85-7
亚砷酸钡,125687-68-5
"三(2,3-二溴丙磷酸脂)磷酸盐",126-72-7
2-甲基丙烯腈[稳定的],126-98-7
"2-氯-1,3-丁二烯[稳定的]",126-99-8
1-氯-2-丙醇,127-00-4
四氯乙烯,127-18-4
4-氨基苯胂酸钠,127-85-5
β-蒎烯,127-91-3
丁基磷酸,12788-93-1
"1,5-二羟基-4,8-二硝基蒽醌",128-91-6
"2,4,6-三硝基苯甲酸",129-66-8
三硝基芴酮,129-79-3
碳化铝,1299-86-1
二甲基苯胺异构体混合物,1300-73-8
铝酸钠[固体],1302-42-7
砷化镓,1303-00-0
砷酸锌,1303-39-5
氧化钡,1304-28-5
过氧化钡,1304-29-6
氧化铍,1304-56-9
过氧化钙,1305-79-9
磷化钙,1305-99-3
"2,5-二甲基-2,5-二-(2-乙基己酰过氧)己烷[含量≤100%]",13052-09-0
氧化镉[非发火的],1306-19-0
硫化镉,1306-23-6
硒化镉,1306-24-7
碲化镉,1306-25-8
氟硅酸铵,1309-32-6
二氧化铅,1309-60-0
六氟丙酮水合物,13098-39-0
五氯酚钠,131-52-2
六硝基二苯胺,131-73-7
"2,4,6-三硝基苯酚铵[干的或含水＜10%]",131-74-8
硒化铁,1310-32-3
氢氧化钾,1310-58-3
氢氧化锂,1310-65-2
氢氧化钠,1310-73-2
氢氧化铷,1310-82-3
碳酸铍,13106-47-3
硫化钾,1312-73-8
三环己基氢氧化锡,13121-70-5
"过氧-3,5,5-三甲基己酸叔丁酯[32%＜含量≤100%]",13122-18-4
氧化钠,1313-59-3
过氧化钠,1313-60-6
硫化钠,1313-82-2
硝酸镍,13138-45-9
氧化亚铊,1314-12-1
过氧化锶,1314-18-7
过氧化锌,1314-22-3
三氧化二磷,1314-24-5
氧化铊,1314-32-5
三氧化二钒,1314-34-7
四氧化三铅,1314-41-6
五氧化二磷,1314-56-3
五氧化二锑,1314-60-9
五氧化二钒,1314-62-1
五硫化二磷,1314-80-3
磷化锌,1314-84-7
三硫化四磷,1314-85-8
硒化锌,1315-09-9
一氧化铅,1317-36-8
"O,O-二甲基-O-[1-甲基-2氯-2-(二乙基氨基甲酰)乙烯基]磷酸酯",13171-21-6
甲酚,1319-77-3
"O-乙基-S,S-二丙基二硫代磷酸酯",13194-48-4
"过氧化二-(2,4-二氯苯甲酰)[糊状物,含量≤52%]",133-14-2
"N,N'-二亚硝基-N,N'-二甲基对苯二酰胺",133-55-1
邻甲苯磺酰氯,133-59-5
二甲苯异构体混合物,1330-20-7
磷酸三甲苯酯,1330-78-5
甲基环己酮,1331-22-2
二水合三氟化硼,13319-75-0
石棉[含:阳起石石棉、铁石棉、透闪石石棉、直闪石石棉、青石棉],1332-21-4
氢氧化铍,13327-32-7
苯酚磺酸,1333-39-7
氢,1333-74-0
三氧化铬[无水],1333-82-0
氟化氢钠,1333-83-1
过氧化镁,1335-26-8
氧氰化汞[减敏的],1335-31-5
松节油混合萜,1335-76-8
"1,2,3,4-四氯化萘",1335-88-2
氨溶液[含氨＞10%],1336-21-6
"过氧化甲基乙基酮[10%＜有效氧含量 ≤10.7%,含A型稀释剂≥48%]",1338-23-4
1-萘胺,134-32-7
氟化铯,13400-13-0
氟化氢铵,1341-49-7
硝酸钕镨,134191-62-1
叠氮化铅[含水或水加乙醇≥20%],13424-46-9
铜乙二胺溶液,13426-91-0
亚磷酸二氢铅,1344-40-7；12141-20-7
硫化汞,1344-48-5
碘酸铵,13446-09-8
高碘酸铵,13446-11-2
亚硝酸铵,13446-48-5
氟化铷,13446-74-7
三硫化二锑,1345-04-6
高氯酸锶,13450-97-0
四氯化硫,13451-08-6
焦砷酸,13453-15-1
氯酸铊,13453-30-0
三碘化铊,13453-37-7
磷酸亚铊,13453-41-3
碘酸钾合一碘酸,13455-24-8
四氯化铅,13463-30-4
砷酸钠,13464-38-5
硝酸羟胺,13465-08-2
亚硝酸钡,13465-94-6
高氯酸钡,13465-95-7
碘酸锶,13470-01-4
"2,2'-偶氮-二-(2-甲基丁腈)",13472-08-7
氯酸钡,13477-00-4
重铬酸钡,13477-01-5
砷酸钡,13477-04-8
氢化钡,13477-09-3
次氯酸钡[含有效氯＞22%],13477-10-6
高氯酸钙,13477-36-6
三氯化钼,13478-18-7
硝酸镓,13494-90-1
硝酸钇,13494-98-9
"1,2-二乙基苯",135-01-3
N-苯基-2-萘胺,135-88-6
仲丁基苯,135-98-8
4-二甲基氨基-6-(2-二甲基氨乙基氧基)甲苯-2-重氮氯化锌盐,135072-82-1
砷酸银,13510-44-6
硫酸铍,13510-49-1
高氯酸亚铁,13520-69-9
重铬酸铯,13530-67-1
氟磷酸[无水],13537-32-1
硝酸铬,13548-38-4
"O,O-二乙基-O-喹噁咻-2-基硫代磷酸酯",13593-03-8
硝酸铍,13597-99-4
亚磷酸,13598-36-2
重氮氨基苯,136-35-6
高氯酸铅,13637-76-8
"2,2-二-(叔戊基过氧)丁烷[含量≤57%,含A型稀释剂≥43%]",13653-62-8
十溴联苯,13654-09-6
重铬酸铜,13675-47-3
氰化亚铜三钾,13682-73-0
2-甲苯硫酚,137-06-4
邻氨基苯硫醇,137-07-5
"双(N,N-二甲基甲硫酰)二硫化物",137-26-8
双(二甲基二硫代氨基甲酸)锌,137-30-4
2-甲基-1-丁醇,137-32-6
溴代环戊烷,137-43-9
氟化镧,13709-38-1
高碘酸钡,13718-58-6
亚硒酸钡,13718-59-7
硝酸锆,13746-89-9
硝酸钐,13759-83-6
硼氢化钾,13762-51-1
氯酸铯,13763-67-2
碘酸锂,13765-03-2
偏钒酸钾,13769-43-2
硝酸铟,13770-61-1
氢化铝钠,13770-96-2
亚硫酸氢镁,13774-25-9
二氟磷酸[无水],13779-41-4
亚硫酸氢钙,13780-03-5
亚硝酸钙,13780-06-8
亚硒酸钙,13780-18-2
对硝基苯磺酸,138-42-1
双戊烯,138-86-3
"4-亚硝基-N,N-二甲基苯胺",138-89-6
氟硼酸铅,13814-96-5
硝酸氧锆,13826-66-9
氟硼酸锌,13826-88-5
次氯酸锂,13840-33-0
重铬酸锂,13843-81-7
氯化溴,13863-41-7
氟铍酸钠,13871-27-7
苯酚钠,139-02-6
仲高碘酸钠,13940-38-0
仲丁胺,13952-84-6
氰化亚金钾,13967-50-5
溴酸钡,13967-90-3
三聚丙烯,13987-01-4
苯乙腈,140-29-4
N-氨基乙基哌嗪,140-31-8
1-二乙基氨基-4-氨基戊烷,140-80-7
丙烯酸乙酯[稳定的],140-88-5
重铬酸锌,14018-95-2
放线菌素,1402-38-6
硫氰酸汞钾,14099-12-8
正戊酸正丙酯,141-06-0
丙烯酸正丁酯[稳定的],141-32-2
2-氨基乙醇,141-43-5
乙醇钠,141-52-6
丙基三氯硅烷,141-57-1
"1,1,3,3-四甲基-1-丁硫醇",141-59-3
正丁酰氯,141-75-3
乙酸乙酯,141-78-6
4-甲基-3-戊烯-2-酮,141-79-7
盐酸-3-氯苯胺,141-85-5
"2,6-二甲基吗啉",141-91-3
"1,3-二乙基苯",141-93-5
氟硼酸银,14104-20-2
盐酸苯胺,142-04-1
"1,3-二氯丙烷",142-28-9
环戊烯,142-29-0
"1,2-亚乙基双二硫代氨基甲酸二钠",142-59-6
己酰氯,142-61-0
己酸,142-62-1
四氢吡喃,142-68-7
正庚烷,142-82-5
二正丙胺,142-84-7
乙酸正己酯,142-92-7
正丁醚,142-96-1
"2-特丁基-4,6-二硝基酚",1420-07-1
N-3-[1-羟基-2-(甲氨基)乙基]苯基甲烷磺酰胺甲磺酸盐,1421-68-7
铬酸铍,14216-88-7
氰化镍钾,14220-17-8
萘磺汞,14235-86-0
氰化金钾,14263-59-3
氰化亚铜三钠,14264-31-4
连二亚硫酸钾,14293-73-3
钒酸钾,14293-78-8
十氯酮,143-50-0
"O,O-二甲基-S-(吗啉代甲酰甲基)二硫代磷酸酯",144-41-2
原乙酸三甲酯,1445-45-0
氟硼酸镉,14486-19-2
六甲基二硅烷,1450-14-2
四丁基氢氧化磷,14518-69-5
溴酸镉,14518-94-6
溴酸锌,14519-07-4
溴酸锶,14519-18-7
"2,4,6-三硝基苯酚银[含水≥30%]",146-84-9
三丁基氯化锡,1461-22-9
四丁基锡,1461-25-2
盐酸-1-萘乙二胺,1465-25-4
"过氧化二碳酸二乙酯[在溶液中,含量≤27%]",14666-78-5
亚氯酸钙,14674-72-7
仲高碘酸钾,14691-87-3
"2,4,6-三溴苯胺",147-82-0
"四氯锌酸-2,5-二丁氧基-4-(4-吗啉基)-重氮苯(2:1)",14726-58-0
氰化铜,14763-77-0
左旋溶肉瘤素,148-82-3
氟铍酸铵,14874-86-3
原甲酸三甲酯,149-73-5
甲基苯基二氯硅烷,149-74-6
氰化钴(Ⅲ),14965-99-2
氧氯化铬,14977-61-8
硼酸三乙酯,150-46-9
过氧化邻苯二甲酸叔丁酯,15042-77-0
偏砷酸钠,15120-17-9
过硼酸钠,15120-21-5；7632-04-4；11138-47-9
硒酸铜,15123-69-0
亚硒酸铜,15168-20-4
"2,5-二甲基-1,4-二噁烷",15176-21-3
氯化二烯丙托锡弗林,15180-03-7
对硫氰酸苯胺,15191-25-0
3-辛炔,15232-76-5
"2,4,6-三硝基间苯二酚铅[湿的，按质量含水或乙醇和水的混合物不低于20%]",15245-44-0
挂-3-氯桥-6-氰基-2-降冰片酮-O-(甲基氨基甲酰基)肟,15271-41-7
焦硫酸汞,1537199-53-3
碘化亚汞,15385-57-6
亚硫酸氢锌,15457-98-4
连二亚硫酸钙,15512-36-4
二-(4-叔丁基环己基)过氧重碳酸酯[含量≤100%],15520-11-3
"2,2'-偶氮-二-(2,4-二甲基-4-甲氧基戊腈)",15545-97-8
氯化锌-3-氯-4-二乙氨基重氮苯,15557-00-3
亚硒酸铈,15586-47-7
亚硒酸镁,15593-61-0
4-乙氧基苯胺,156-43-4
氰氨化钙[含碳化钙＞0.1%],156-62-7
三乙基砷酸酯,15606-95-8
过氧重碳酸二环己酯[91%＜含量≤100%],1561-49-5
过氧化碳酸钠水合物,15630-89-4
"1,1-二叔戊过氧基环己烷[含量≤82%,含A型稀释剂≥18%]",15667-10-4
丙二醇乙醚,1569-02-4
环己基硫醇,1569-69-3
甘露糖醇六硝酸酯[湿的，按质量含水或乙醇和水的混合物不低于40％],15825-70-4
氧化亚汞,15829-53-5
"1,2-O-[(1R)-2,2,2-三氯亚乙基]-α-D-呋喃葡糖",15879-93-3
三甲基环己胺,15901-42-5
"N-(2,6-二乙基苯基)-N-甲氧基甲基-氯乙酰胺",15972-60-8
二正丙基过氧重碳酸酯[含量≤100%],16066-38-9
异氰酸叔丁酯,1609-86-5
过二碳酸二-(2-乙基己)酯[77%＜含量≤100%],16111-62-9
"1,2-二乙基肼",1615-80-1
"二-正丁基过氧重碳酸酯[含量≤27%,含B型稀释剂≥73%]",16215-49-9
硫酸对苯二胺,16245-77-5
1-戊烯-3-酮,1629-58-9
苯基二氯硅烷,1631-84-1
甲基叔丁基醚,1634-04-4
"1,1-二甲基环戊烷",1638-26-2
乙基环戊烷,1640-89-7
硝酸钕,16454-60-7
"2,4-二硝基苯磺酰氯",1656-44-6
"β,β'-氧化二丙腈",1656-48-0
"二叔丁基过氧壬二酸酯[含量≤52%,含A型稀释剂≥48%]",16580-06-6
"2-丙烯酸-1,1-二甲基乙基酯",1663-39-4
丙二酰氯,1663-67-8
二苯基二硒,1666-13-3
三氟乙酸铬,16712-29-1
"盐酸-4-氨基-N,N-二乙基苯胺",16713-15-8
硫氢化钠,16721-80-5
"2,2,4-三甲基己烷",16747-26-5
S-甲基-N-[(甲基氨基甲酰基)-氧基]硫代乙酰胺酸酯,16752-77-5
硝酸铈铵,16774-21-3
乙基环己烷,1678-91-7
1-环己基正丁烷,1678-93-9
环己基异丁烷,1678-98-4
2-甲基-2-丁硫醇,1679-09-0
氢化铝锂,16853-85-3
六氟合硅酸锌,16871-71-9
氟硅酸钾,16871-90-2
氟硼酸,16872-11-0
"3,5-二溴-4-羟基苄腈",1689-84-5
氟硅酸钠,16893-85-9
N-乙基-N-(2-羟乙基)全氟辛基磺酰胺,1691-99-2
氟锆酸钾,16923-95-8
氟钽酸钾,16924-00-8
2-硝基苯磺酰氯,1694-92-4
硼氢化钠,16940-66-2
六氟合磷氢酸[无水],16940-81-1
氯铂酸,16941-12-1
硼氢化锂,16949-15-8
六氟硅酸镁,16949-65-8
氟硅酸,16961-83-4
硼氢化铝,16962-07-5
过氧化钾,17014-71-0
氢氧化铊,17026-06-1
"2,2-二-(4,4-二(叔丁基过氧环己基)丙烷[含量≤22%,含B型稀释剂≥78%]",1705-60-8
"O-乙基-S,S-二苯基二硫代磷酸酯",17109-49-8
硝酸异丙酯,1712-64-7
六氟合硅酸钡,17125-80-3
二乙基二氯硅烷,1719-53-5
氢氧化钡,17194-00-2
1-甲基异喹啉,1721-93-3
β-二甲氨基丙腈,1738-25-6
氯甲酸仲丁酯,17462-58-7
全氟辛基磺酸,1763-23-1
2-氯丙酸甲酯,17639-93-9；77287-29-7
N-(1-正丁氨基甲酰基-2-苯并咪唑基)氨基甲酸甲酯,17804-35-2
亚硝酸镍,17861-62-0
乙基二氯硅烷,1789-58-8
异氰酸异丙酯,1795-48-8
亚磷酸二丁酯,1809-19-4
三甲基乙氧基硅烷,1825-62-3
"过氧化甲基异丙酮[活性氧含量≤6.7%,含A型稀释剂≥70%]",182893-11-4
甲酸烯丙酯,1838-59-1
二苄基二氯硅烷,18414-36-3
异氰酸异丁酯,1873-29-6
2-甲基-1-丁硫醇,1878-18-8
叠氮化钡,18810-58-7
氯甲酸苯酯,1885-14-9
N-异丙基-N-苯基-氯乙酰胺,1918-16-7
单过氧马来酸叔丁酯[含量＞52%],1931-62-0
"2,5-二氯甲苯",19398-61-9
"双过氧化壬二酸[含量≤27%,惰性固体含量≥73%]",1941-79-3
4-辛炔,1942-45-6
2-苯乙基异氰酸酯,1943-82-4
异戊醇钠,19533-24-5
"N-(4-氯邻甲苯基)-N,N-二甲基甲脒盐酸盐",19750-95-9
己醇钠,19779-06-7
三丁基氟化锡,1983-10-4
"2,6-二甲氧基苯甲酰氯",1989-53-3
过氧重碳酸二仲丁酯[52%＜含量＜100%],19910-65-7
"六硝基-1,2-二苯乙烯",20062-22-0
3-壬烯,20063-92-7
1-丁炔-3-醇,2028-63-9
甲基三乙氧基硅烷,2031-67-6
"4-N,N-二甲基氨基-3-甲基苯基N-甲基氨基甲酸酯",2032-59-9
甲基胂酸锌,20324-26-9
"盐酸-3,3'-二甲氧基-4,4'-二氨基联苯",20325-40-0
3-氨基苯胂酸,2038-72-4
正丁基环戊烷,2040-95-1
正丙基环戊烷,2040-96-2
2-氨基苯胂酸,2045-00-3
乙二酸二丁酯,2050-60-4
二正戊胺,2050-92-2
4-氯化联苯,2051-62-9
丁酸丙烯酯,2051-78-7
四丁基氢氧化铵,2052-49-5
硫氰酸汞铵,20564-21-0
氯化钾汞,20582-71-2
萤蒽,206-44-0
氧化银,20667-12-3
硝酸锰,20694-39-7
"2,2’,4,4’,5,6’-六溴二苯醚",207122-15-4
"2,2’,3,4,4’,5’,6-七溴二苯醚",207122-16-5
磷化钾,20770-41-6
7
地高辛,20830-75-5
磷化铝,20859-73-8
硫氰酸钙,2092-16-2
"1,1'-偶氮-二-(六氢苄腈)",2094-98-6
亚硒酸铝,20960-77-4
硫化钡,21109-95-5
4-苄基吡啶,2116-65-6
氢氧化铯,21351-79-1
"过氧化二碳酸二苯甲酯[含量≤87%,含水]",2144-45-8
三丁锡甲基丙烯酸,2155-70-6
"O-甲基-O-(4-溴-2,5-二氯苯基)苯基硫代磷酸酯",21609-90-5
"2,2-二-(叔丁基过氧)丁烷[含量≤52%,含A型稀释剂≥48%]",2167-23-9
氯化锌-4-苄乙氨基-3-乙氧基重氮苯,21723-86-4
四唑并-1-乙酸,21732-17-2
"O,O-二乙基-O-2,5-二氯-4-甲硫基苯基硫代磷酸酯",21923-23-9；60238-56-4
4-壬烯,2198-23-4
硝酸甲胺,22113-87-7
"N,N-六亚甲基硫代氨基甲酸-S-乙酯",2212-67-1
氯甲酸氯甲酯,22128-62-7
"2,4-二甲基庚烷",2213-23-2
"4-硝基-N,N-二乙基苯胺",2216-15-1
"2,5-二甲基庚烷",2216-30-0
2-壬烯,2216-38-8
"5,6,7,8-四氢-1-萘胺",2217-41-6
"N-苯甲基-N-(3,4-二氯基本)-DL-丙氨酸乙酯",22212-55-1
O-乙基-O-(3-甲基-4-甲硫基)苯基-N-异丙氨基磷酸酯,22224-92-6
3-二甲基氨基亚甲基亚氨基苯基-N-甲基氨基甲酸酯(或其盐酸盐),22259-30-9；23422-53-9
"1,1,3,3-过氧新戊酸四甲叔丁酯[含量≤77%,含A型稀释剂≥23%]",22288-41-1
"1,1,3,3-四甲基丁基过氧-2-乙基己酸酯[含量≤100%]",22288-43-3
叔丁基过氧-2-甲基苯甲酸酯[含量≤100%],22313-62-8
磷酸二乙基汞,2235-25-8
3-氨基苯甲腈,2237-30-1
二(2-环氧丙基)醚,2238-07-5
"3,3,6,6,9,9-六甲基-1,2,4,5-四氧环壬烷[含量52%～100%]",22397-33-7
"O,O-二乙基-S-(2,5-二氯苯硫基甲基)二硫代磷酸酯",2275-14-1
三丙基氯化锡,2279-76-7
硅化镁,22831-39-6；39404-03-0
"1-(2-过氧化乙基己醇-1,3-二甲基丁基过氧化新戊酸酯[含量≤52%,含A型稀释剂≥45%,含B型稀释剂≥10%]",228415-62-1
"4,6-二硝基邻甲苯酚钠",2312-76-7
O-(甲基氨基甲酰基)-1-二甲氨基甲酰-1-甲硫基甲醛肟,23135-22-0
氨基化钙,23321-74-6
5-硝基苯并三唑,2338-12-7
"过氧新戊酸枯酯[含量≤77%,含B型稀释剂≥23%]",23383-59-7
高锰酸锌,23414-72-4
氟乙酸-2-苯酰肼,2343-36-4
氯甲基三甲基硅烷,2344-80-1
"过氧丁烯酸叔丁酯[含量≤77%,含A型稀释剂≥23%]",23474-91-1
"过氧异丙基碳酸叔丁酯[含量≤77%,含A型稀释剂≥23%]",2372-21-6
丁醇钠,2372-45-4
氟乙酸钾,23745-86-0
全氯五环癸烷,2385-85-5
过氧化月桂酸[含量≤100%],2388-12-7
二-(1-羟基环己基)过氧化物[含量≤100%],2407-94-5
丙酸烯丙酯,2408-20-0
三丁基锡亚油酸,24124-25-2
3-溴丙腈,2417-90-5
N-四氯乙硫基四氢酞酰亚胺,2425-06-1
四氢邻苯二甲酸酐[含马来酐＞0.05%],2426-02-0
"2,5-双(1-吖丙啶基)-3-(2-氨甲酰氧-1-甲氧乙基)-6-甲基-1,4-苯醌",24279-91-2
"2,3,4-三氯-1-丁烯",2431-50-7
乙烯基乙酸异丁酯,24342-03-8
O-甲基-O-(2-异丙氧基甲酰基苯基)硫代磷酰胺,24353-61-5
"6-甲基-1,4-二氮萘基-2,3-二硫代碳酸酯",2439-01-2
N-(2-羟乙基)-N-甲基全氟辛基磺酰胺,24448-09-7
氯甲酸-2-乙基己酯,24468-13-1
"1,2-二甲基环戊烷",2452-99-5
"1,3-二甲基环戊烷",2453-00-1
"草酸-4-氨基-N,N-二甲基苯胺",24631-29-6
砷酸铵,24719-13-9
"3,6,9-三乙基-3,6,9-三甲基-1,4,7-三过氧壬烷[含量≤42%,含A型稀释剂≥58%]",24748-23-0
异氰酸对溴苯酯,2493-02-9
"O,O-二乙基-S-(2-乙基亚磺酰基乙基)二硫代磷酸酯",2497-07-6
乙烯基甲苯异构体混合物[稳定的],25013-15-4
三硝基苯磺酸,2508-19-2
"1,2-二溴-3-丁酮",25109-57-3
全氟辛基磺酸二癸二甲基铵,251099-16-8
二甲基二噁烷,25136-55-4
壬基酚,25154-52-3
"过氧化氢二叔丁基异丙基苯[42%＜含量≤100%,惰性固体含量≤57%]",25155-25-3
环丙基甲醇,2516-33-8
氯硝基苯异构体混合物,25167-93-5
"O,O'-二乙基硫代磷酰氯",2524-04-1
3-硝基吡啶,2530-26-9
O-乙基-O-[(2-异丙氧基酰基)苯基]-N-异丙基硫代磷酰胺,25311-71-1
磷化锡,25324-56-5
硫酸苯肼,2545-79-1
氯乙酸乙烯酯,2549-51-1
氟代甲苯,25496-08-6
六氟化硫,2551-62-4
"2,3-二氢吡喃",25512-65-6
二亚硝基苯,25550-55-4
二硝基苯酚[干的或含水＜15%],25550-58-7
"3,3,5-三甲基己撑二胺",25620-58-0；25513-64-8
甲基环己醇,25639-42-3
碘酸锰,25659-29-4
碘酸铅,25659-31-8
杜廷,2571-22-4
氨基胍重碳酸盐,2582-30-1
"O,O-二甲基-S-(2-甲硫基乙基)二硫代磷酸酯(II)",2587-90-8
"O,O-二乙基-S-乙基亚磺酰基甲基二硫代磷酸酯",2588-03-6
亚胺乙汞,2597-93-5
10-氮杂蒽,260-94-6
"氯化锌-2,5-二乙氧基-4-吗啉代重氮苯",26123-91-1
氮化锂,26134-62-3
"2,2-过氧化二氢丙烷[含量≤27%,含惰性固体≥73%]",2614-76-8
"2,5-二甲基-2,5-双(苯甲酰过氧)己烷[82%＜含量≤100%]",2618-77-1
3-异丙基-5-甲基苯基N-甲基氨基甲酸酯,2631-37-0
联十六烷基过氧重碳酸酯[含量≤100%],26322-14-5
"O,O-二甲基-S-(乙基氨基甲酰甲基)二硫代磷酸酯",2642-71-9
二苯基甲烷二异氰酸酯,26447-40-5
甲苯二异氰酸酯,26471-62-5
氯酸铜,26506-47-8
甲基环戊二烯,26519-91-5
2-重氮-1-萘酚-5-磺酸钠,2657-00-3
氯苯基三氯硅烷,26571-79-9
异辛烷,26635-64-3
"1,3-二磺酰肼苯",26747-93-3
"过氧化新庚酸叔丁酯[含量≤42%,在水中稳定弥散]",26748-38-9
"过新癸酸叔己酯[含量≤71%,含A型稀释剂≥29%]",26748-41-4
叔丁基过氧新癸酸酯[77%＜含量≤100%],26748-41-4
"过氧新癸酸枯酯[含量≤52%,在水中稳定弥散]",26748-47-0
"异丙基异丙苯基氢过氧化物[含量≤72%,含A型稀释剂≥28%]",26762-93-6
环四亚甲基四硝胺[含水≥15%],2691-41-0
亚硝酰氯,2696-92-6
硫酰氟,2699-79-8
苯并呋喃,271-89-6
二氯苯胺异构体混合物,27134-27-6
二氯苯基三氯硅烷,27137-85-5
盐酸苯肼,27140-08-5
辛基苯酚,27193-28-8
二异辛基磷酸,27215-10-7
异己烯,27236-46-0
"N,N-二乙基邻甲苯胺",2728-04-3
"2,6-二甲基-3-庚烯",2738-18-3
丙二酸铊,2757-18-8
5-(氨基甲基)-3-异噁唑醇,2763-96-4
硫酸氧钒,27774-13-6
二氯异氰尿酸,2782-57-2
八溴联苯,27858-07-7
全氟辛基磺酸钾,2795-39-3
亚硒酸银,28041-84-1
"过氧化甲基异丁基酮[含量≤62%,含A型稀释剂≥19%]",28056-59-9
2-辛炔,2809-67-8
烟碱氯化氢,2820-51-1
酒石酸锑钾,28300-74-5
氢过氧化蒎烷[56%＜含量≤100%],28324-52-9
六硝基二苯胺铵盐,2844-92-0
异氰酸-3-氯-4-甲苯酯,28479-22-3
"5-氨基-1,3,3-三甲基环己甲胺",2855-13-2
氧化环己烯,286-20-4
三硝基苯甲醚,28653-16-9
甲基丙烯酸-2-二甲氨乙酯,2867-47-2
环丁烷,287-23-0
环戊烷,287-92-3
六硝基二苯硫,28930-30-5
砷酸锑,28980-47-4
四硝基萘,28995-89-3
全氟辛基磺酸铵,29081-56-9
环庚烷,291-64-5
丙烯酸羟丙酯,2918-23-2
环辛烷,292-64-8
"叔戊基过氧戊酸酯[含量≤77%,含B型稀释剂≥23%]",29240-17-3
聚乙烯聚胺,29320-38-5
氯甲酸烯丙基酯[稳定的],2937-50-0
硫代氯甲酸乙酯,2941-64-2
全氟辛基磺酸锂,29457-72-5
碘酸铁,29515-61-5
2-丙烯酸异辛酯,29590-42-9
水杨酸化烟碱,29790-52-1
"O,O-二甲基-O-(4-硝基苯基)硫代磷酸酯",298-00-0
二-(2-乙基己基)磷酸酯,298-07-7
二氧化丁二烯,298-18-0
溴乙酸异丙酯,29921-57-1
2-乙硫基苄基N-甲基氨基甲酸酯,29973-13-5
异氰基乙酸乙酯,2999-46-4
二甲基镁,2999-74-8
"O,O-二甲基-O-(1,2-二溴-2,2-二氯乙基)磷酸酯",300-76-5
叔丁基过氧-2-乙基己酸酯[52%＜含量≤100%],3006-82-4
"1,1-二-(叔丁基过氧)环己烷[80%＜含量≤100%]",3006-86-8
乙酸铅,301-04-2
辛酸亚锡,301-10-0
硫氰酸苄,3012-37-1
1-氯-2-溴丙烷,3017-95-6
2-氯-1-溴丙烷,3017-96-7
二氯乙腈,3018-12-0
无水肼[含肼＞64%],302-01-2
"2,5-二甲基-2,5-二氢过氧化己烷[含量≤82%]",3025-88-5
赭曲毒素A,303-47-9
2-硝基苯肼,3034-19-3
二-(2-甲基苯甲酰)过氧化物[含量≤87%],3034-79-5
多聚甲醛,30525-89-4
"3,3-二乙氧基丙烯",3054-95-3
五甲基庚烷,30586-18-6
甲基狄戈辛,30685-43-9
全氟辛基磺酰氟,307-35-7
碳酸乙丁酯,30714-78-4
"2,3-二甲基庚烷",3074-71-3
钛酸四乙酯,3087-36-3
钛酸四正丙酯,3087-37-4
月桂酸三丁基锡,3090-36-6
N-环己基环己胺亚硝酸盐,3129-91-7
"3-溴-1,2-环氧丙烷",3132-64-7
二戊基磷酸,3138-42-9
"4-N,N-二甲基氨基-3,5-二甲基苯基N-甲基氨基甲酸酯",315-18-4
N-甲基全氟辛基磺酰胺,31506-32-8
4-氯正丁酸乙酯,3153-36-4
4-氯邻甲苯胺盐酸盐,3165-93-3
异氰酸环己酯,3173-53-3
叔丁基环己烷,3178-22-1
"乙酰过氧化磺酰环己烷[含量≤32%,含B型稀释剂≥68%]",3179-56-4
"N,N-二甲基丙醇胺",3179-63-3
"1-羟环丁-1-烯-3,4-二酮",31876-38-7
氯甲基乙醚,3188-13-4
α-六氯环己烷,319-84-6
β-六氯环己烷,319-85-7
"2,3-二氯硝基苯",3209-22-1
"硫酸-2,5-二乙氧基-4-(4-吗啉基)-重氮苯",32178-39-5
二(三氯甲基)碳酸酯,32315-10-9
"过氧化丙酰[含量≤27%,含B型稀释剂≥73%]",3248-28-0
五溴二苯醚,32534-81-9
异戊酸异丙酯,32665-23-9
4-硫代戊醛,3268-49-3
"O-乙基-O-2,4,5-三氯苯基-乙基硫代膦酸酯",327-98-0
"2,3-二甲基戊醛",32749-94-3
三甲基乙酰氯,3282-30-2
异氰酸三氟甲苯酯,329-01-1
"2,5-二硝基苯酚[含水≥15%]",329-71-5
过二碳酸钠,3313-92-6
"2,4,6-三硝基苯酚钠",3324-58-1
重氮甲烷,334-88-3
氯化锌-4-二丙氨基重氮苯,33864-17-4
溴酸铅,34018-28-5
"叔戊基过氧化氢[含量≤88%,含A型稀释剂≥6%,含水≥6%]",3425-61-4
N-(2-乙基-6-甲基苯基)-N-乙氧基甲基-氯乙酰胺,34256-82-1
"过氧化二异丁酰[含量≤32%,含B型稀释剂≥68%]",3437-84-1
草酸汞,3444-13-1
叔丁基过氧-2-乙基己碳酸酯[含量≤100%],34443-12-4
过氧化叔丁基异丙基苯[42%＜含量≤100%],3457-61-2
2-氯氟苯,348-51-6
2-氟苯胺,348-54-9
苯硫代二氯化膦,3497-00-5
4-氟甲苯,352-32-9
4-氯氟苯,352-33-0
3-氟甲苯,352-70-5
二乙硫醚,352-93-2
"2,2,5-三甲基己烷",3522-94-9
溴乙酸正丙酯,35223-80-4
氟乙烷,353-36-6
三氟化硼甲醚络合物,353-42-4
羰基氟,353-50-4
氯二氟溴甲烷,353-59-3
三氟乙酰氯,354-32-5
硝酸镱,35725-34-9；13768-67-7
八氟-2-丁烯,360-89-4
六溴联苯,36355-01-8
"2,5-二溴苯胺",3638-73-1
氟硼酸-3-甲基-4-(吡咯烷-1-基)重氮苯,36422-95-4
2-重氮-1-萘酚-4-磺酰氯,36451-09-9
六溴二苯醚,36483-60-0
"1,6-二-(过氧化叔丁基-羰基氧)己烷[含量≤72%,含A型稀释剂≥28%]",36536-42-2
"1,2-二氟苯",367-11-3
"2,3,4,6-四硝基苯胺",3698-54-2
4-氟苯胺,371-40-4
丙胺氟磷,371-86-8
辛二烯,3710-30-3
"过氧化乙酰丙酮[糊状物,含量≤32%,含溶剂≥44%,含水≥9%,带有惰性固体≥11%]",37187-22-7
氰基乙酸,372-09-8
"1,3-二氟苯",372-18-9
3-氟苯胺,372-19-0
赭曲毒素,37203-43-3
"过氧化异丁基甲基甲酮[在溶液中,含量≤62%,含A型稀释剂≥19%，含甲基异丁基酮]",37206-20-5
2-丁烯酸,3724-65-0
"O,O-二乙基-S-[N-(1-氰基-1-甲基乙基)氨基甲酰甲基]硫代磷酸酯",3734-95-0
钾汞齐,37340-23-1
七氟丁酸,375-22-4
2-重氮-1-萘酚-5-磺酰氯,3770-97-6
异丁基环戊烷,3788-32-7
"1,3-环辛二烯",3806-59-5
二硝基联苯,38094-35-8
氯酸钾,3811-04-9
三氟乙酸乙酯,383-63-1
"二-(3,5,5-三甲基己酰)过氧化物[52%＜含量≤82%,含A型稀释剂≥18%]",3851-87-4
过氧化二异壬酰[含量≤100%],3851-87-4
"2,2'-偶氮二-(2-甲基丙酸乙脂)",3879-07-0
氯乙酸钠,3926-62-3
对䓝基化过氧氢[72%＜含量≤100%],39811-34-2
2-氯丙酸异丙酯,40058-87-5；79435-04-4
四溴二苯醚,40088-47-9
"1,2-环氧-3-乙氧基丙烷",4016-11-9
"3,3-二甲基庚烷",4032-86-4
三氟乙酸酐,407-25-0
异佛尔酮二异氰酸酯,4098-71-9
"三(环己基)-1,2,4-三唑-1-基)锡",41083-11-8
二氯硅烷,4109-96-0
N-乙基全氟辛基磺酰胺,4151-50-2
2-丁烯醛,4170-30-3
二-(2-苯氧乙基)过氧重碳酸酯[85%＜含量≤100%],41935-39-1
"1,1,1-三氟乙烷",420-46-2
三氟丙酮,421-50-1
6-甲基异喹啉,42398-73-2
"2,2-二-(叔丁基过氧)丙烷[含量≤42%,含A型稀释剂≥13%,惰性固体含量≥45%]",4262-61-7
二甲基乙二酮,431-03-8
N-正丁基咪唑,4316-42-1
三丁基锡苯甲酸,4342-36-3
甲酸环己酯,4351-54-6
"2,2'-偶氮-二-(2,4-二甲基戊腈)",4419-11-8
氯化锌-4-苄甲氨基-3-乙氧基重氮苯,4421-50-5
3-甲氧基乙酸丁酯,4435-53-4
4-甲基-2-戊烯,4461-48-7
"2,2’,3,3’,4,5’,6’-七溴二苯醚",446255-22-7
十二烷基三氯硅烷,4484-72-4
过氧化苯甲酸叔戊酯[含量≤100%],4511-39-1
"1,1,2,2,3,3,4,4,5,5,6,6,7,7,8,8,8-十七氟-1-辛烷磺酸",45298-90-6
"1,3-二氟-2-丙醇",453-13-4
"苯-1,3-二磺酰肼[糊状,浓度52%]",4547-70-0
氟乙酸乙酯,459-72-3
氰,460-19-5
氟代苯,462-06-6
3-氨基吡啶,462-08-8
"1,5-戊二胺",462-94-2
二乙氧基甲烷,462-95-3
亚硝酸正戊酯,463-04-7
丙二烯[稳定的],463-49-0
羰基硫,463-58-1
二氯硫化碳,463-71-8
"2,2-二甲基丙烷",463-82-1
"2,2,3-三甲基丁烷",464-06-2
二硝基重氮苯酚[按质量含水或乙醇和水的混合物不低于40%],4682-03-5
"1,1´-二甲基-4,4´-联吡啶阳离子",4685-14-7
"1,8-环氧对孟烷",470-82-6
丙炔酸,471-25-0
三硝基苯乙醚,4732-14-3
"3,6-二羟基邻苯二甲腈",4733-50-0
2-丁烯腈[反式],4786-20-3
"2,4,6-三硝基苯甲硝胺",479-45-8
四氢糠胺,4795-29-3
"O,O-二乙基-O-(4-溴-2,5-二氯苯基)硫代磷酸酯",4824-78-6
硫酸马钱子碱,4845-99-2
"2-仲丁基-4,6-二硝基苯基-3-甲基丁-2-烯酸酯",485-31-4
"2,4,6-三硝基苯胺",489-98-5
4-甲基喹啉,491-35-0
"甲苯-3,4-二硫酚",496-74-2
"四氟硼酸-2,5-二乙氧基-4-吗啉代重氮苯",4979-72-0
甲醛溶液,50-00-0
丝裂霉素C,50-07-7
"1,1,1-三氯-2,2-双(4-氯苯基)乙烷",50-29-3
放线菌素D,50-76-0
氯甲酸苄酯,501-53-1
环庚酮,502-42-1
异辛烯,5026-76-6
2-丁炔,503-17-3
氯甲酸三氯甲酯,503-38-8
4-氨基吡啶,504-24-5
2-氨基吡啶,504-29-0
"1,3-戊二烯[稳定的]",504-60-9
氰化银,506-64-9
氰化金,506-65-0
氰化溴,506-68-3
氰化碘,506-78-5
硝酸胍,506-93-4
溴化乙酰,506-96-7
碘化乙酰,507-02-8
硫代乙酸,507-09-5
2-溴-2-甲基丙烷,507-19-7
氯代叔丁烷,507-20-0
海葱糖甙,507-60-8
2-莰醇,507-70-0
邻苯二甲酸苯胺,50930-79-5
"2,4,6-三亚乙基氨基-1,3,5-三嗪",51-18-3
盐酸-2-氨基酚,51-19-4
"2,4-二硝基苯酚[含水≥15%]",51-28-5
"3,4-二羟基-α-((甲氨基)甲基)苄醇",51-43-4
盐酸-4-氨基酚,51-78-5
(2-氨基甲酰氧乙基)三甲基氯化铵,51-83-2
"2,2-双(4-氯苯基)-2-羟基乙酸乙酯",510-15-6
"N,N-二甲基硒脲",5117-16-8
"1,1,3,3-四甲基丁基过氧新癸酸酯[含量≤52%,在水中稳定弥散]",51240-95-0
2-甲基-2-丁烯,513-35-9
氯代异丁烷,513-36-0
1-碘-2-甲基丙烷,513-38-2
2-甲基烯丙醇,513-42-8
2-甲基-1-丙硫醇,513-44-0
2-碘丁烷,513-48-4
2-丁基硫醇,513-53-1
3-羟基-2-丁酮,513-86-0
"1,1-二氯丙酮",513-88-2
硝化酸混合物,51602-38-1
二硝基间苯二酚,519-44-8
"O,O-二甲基-(2,2,2-三氯-1-羟基乙基)膦酸酯",52-68-6
"O-[4-((二甲氨基)磺酰基)苯基]O,O-二甲基硫代磷酸酯",52-85-7
4-氯-2-硝基苯酚钠盐,52106-89-5
"过二碳酸二-(3-甲氧丁)酯[含量≤52%,含B型稀释剂≥48%]",52238-68-3
"(RS)-α-氰基-3-苯氧基苄基(SR)-3-(2,2-二氯乙烯基)-2,2-二甲基环丙烷羧酸酯",52315-07-8
"过氧化二碳酸二(十八烷基)酯[含量≤87%,含有十八烷醇]",52326-66-6
发烟硝酸,52583-42-3
"1,2,3-三甲基苯",526-73-8
"2,3-二甲苯酚",526-75-0
呋喃甲酰氯,527-69-5
"1,2-二硝基苯",528-29-0
辛基三氯硅烷,5283-66-9
壬基三氯硅烷,5283-67-0
2-甲基苯甲腈,529-19-1
溴乙酸叔丁酯,5292-43-3
"1,1-二苯肼",530-50-7
"盐酸-4,4'-二氨基联苯",531-85-1
"硫酸-4,4'-二氨基联苯",531-86-2
2-氯苯乙酮,532-27-4
苯乙醇腈,532-28-5
二肉豆蔻基过氧重碳酸酯[含量≤100%],53220-22-7
氨基磺酸,5329-14-6
"1,3-二氯丙酮",534-07-6
"1,1-二甲氧基乙烷",534-15-6
2-甲基呋喃,534-22-5
3-氯-4-甲氧基苯胺,5345-54-0
2-氯丙酸乙酯,535-13-7
二氯乙酸乙酯,535-15-9
2-氯-4-二甲氨基-6-甲基嘧啶,535-89-7
"硫酸-4-氨基-N,N-二甲基苯胺",536-47-0
苯乙炔,536-74-3
4-乙基吡啶,536-75-4
3-乙基吡啶,536-78-7
3-甲氧基苯胺,536-90-3
硫酸铍钾,53684-48-3
二烯丙基代氰胺,538-08-9
异丁基苯,538-93-2
正戊酸乙酯,539-82-2
丙烯酸-2-硝基丁酯,5390-54-5
乙汞硫水杨酸钠盐,54-64-8
丁酸正戊酯,540-18-1
盐酸-4-甲苯胺,540-23-8
"1,4-二氟苯",540-36-3
4-碘苯酚,540-38-5
丙酸异丁酯,540-42-1
2-溴乙醇,540-51-2
1-氯丙烷,540-54-5
"1,2-二氯乙烯",540-59-0
甲乙醚,540-67-0
乙基硫酸,540-82-9
"2,2,4-三甲基戊烷",540-84-1
乙酸叔丁酯,540-88-5
"2,4,6-三硝基苯磺酸钠",5400-70-4
7-甲基异喹啉,54004-38-5
"2,7-二硝基芴",5405-53-8
1-碘-3-甲基丁烷,541-28-6
3-甲基-1-丁硫醇,541-31-1
亚硝酸异丙酯,541-42-4
盐酸间苯二胺,541-69-5
硫酸间苯二胺,541-70-8
"1,3-二氯苯",541-73-1
氯乙酸酐,541-88-8
2-硝基苯胂酸,5410-29-7
硼酸三异丙酯,5419-55-6
乙酸苯胺,542-14-3
硝酸苯胺,542-15-4
硫酸苯胺,542-16-5
4-甲基戊腈,542-54-1
甲酸异丁酯,542-55-2
亚硝酸异丁酯,542-56-3
氰化钡,542-62-1
1-碘丁烷,542-69-8
"1,3-二氯丙烯",542-75-6
3-氯丙腈,542-76-7
氰化钴(Ⅱ),542-84-7
二(氯甲基)醚,542-88-1
硫氰酸乙酯,542-90-5
"1,3-环戊二烯",542-92-7
丁二酰氯,543-20-4
氯甲酸异丁酯,543-27-1
1-氯戊烷,543-59-9
亚硝酸正丙酯,543-67-9
乙酸钡,543-80-6
乙酸铍,543-81-7
硝酸异戊酯,543-87-3
甲基戊二烯,54363-49-4
二异戊醚,544-01-4
氯代正己烷,544-10-5
戊二腈,544-13-8
亚硝酸正丁酯,544-16-1
"1,3,5-环庚三烯",544-25-2
氰化亚铜,544-92-3
二甲基锌,544-97-8
三氯乙腈,545-06-2
三-(1-吖丙啶基)氧化膦,545-55-1
钛酸四异丙酯,546-68-9
"过氧化双丙酮醇[含量≤57%,含B型稀释剂≥26%,含水≥8%]",54693-46-8
异丁酸甲酯,547-63-7
2-羟基丙酸甲酯,547-64-8
"O,O-二甲基-O-(4-甲硫基-3-甲基苯基)硫代磷酸酯",55-38-9
硝化甘油[按质量含有不低于40%不挥发、不溶于水的减敏剂],55-63-0
硝酸苯汞,55-68-5
异硫氰酸-1-萘酯,551-06-4
盐酸-1-萘胺,552-46-5
乙二酸二甲酯,553-90-2
"2,4-二氯苯胺",554-00-7
丙酸甲酯,554-12-1
3-硝基苯酚,554-84-7
3-硝基苯甲醚,555-03-3
4-硝基苯乙腈,555-21-5
二苯基镁,555-54-4
二硝基甘脲,55510-04-8
异戊酸甲酯,556-24-1
3-碘-1-丙烯,556-56-9
硫代异氰酸甲酯,556-61-6
硫氰酸甲酯,556-64-9
硝基胍,556-88-7
硝基脲,556-89-8
甲基丙基醚,557-17-5
二乙基镁,557-18-6
氰化镍,557-19-7
二乙基锌,557-20-0
氰化锌,557-21-1
乙基烯丙基醚,557-31-3
二烯丙基醚,557-40-4
2-氯丙烯,557-98-2
"3,3-二-(叔丁基过氧)丁酸乙酯[77%＜含量≤100%]",55794-20-2
四溴甲烷,558-13-4
2-碘-2-甲基丙烷,558-17-8
三硝基萘,55810-17-8
"3,3'-二氨基二丙胺",56-18-8
四氯化碳,56-23-5
"六氢-3a,7a-二甲基-4,7-环氧异苯并呋喃-1,3-二酮",56-25-7
三丁基氧化锡,56-35-9
醋酸三丁基锡,56-36-0
"O,O-二乙基-O-(3-氯-4-甲基香豆素-7-基)硫代磷酸酯",56-72-4
"3-[(3-联苯-4-基)-1,2,3,4-四氢-1-萘基]-4-羟基香豆素",56073-07-5
硝基马钱子碱,561-20-6
"3,3-二甲基戊烷",562-49-2
"O,O,O',O'-四乙基-S,S'-亚甲基双(二硫代磷酸酯)",563-12-2
"3,3-二甲基己烷",563-16-6
二氯化乙基铝,563-43-9
3-甲基-1-丁烯,563-45-1
2-甲基-1-丁烯,563-46-2
3-氯-2-甲基丙烯,563-47-3
3-氯-1-丁烯,563-52-0
"1,2-二氯丙烯",563-54-2
乙酸亚铊,563-68-8
2-溴丙酰溴,563-76-8
"2,3-二甲基-1-丁烯",563-78-0
"2,3-二甲基-2-丁烯",563-79-1
3-甲基-2-丁酮,563-80-4
"2,2,3-三甲基戊烷",564-02-3
"2,3-二甲基戊烷",565-59-3
3-甲基-2-戊酮,565-61-7
2-甲基-3-戊醇,565-67-3
2-甲基-3-戊酮,565-69-5
"2,3,4-三甲基戊烷",565-75-3
"2,4-二甲基-3-戊酮",565-80-0
全氟辛基磺酸四乙基铵,56773-42-3
甲胂酸,56960-31-7
异硫氰酸烯丙酯,57-06-7
三(2-甲基氮丙啶)氧化磷,57-39-6
"1,2,4,5,6,7,8,8-八氯-2,3,3a,4,7,7a-六氢-4,7-亚甲基茚",57-74-9
α-氯化筒箭毒碱,57-94-3
"2,6-二硝基苯酚[含水≥15%]",573-56-8
硅铝,57485-31-1
"3-溴-1,2-二甲基苯",576-23-8
"2,3-二氯苯酚",576-24-9
"2,6-二甲苯酚",576-26-1
2-硝基溴苯,577-19-5
2-乙基苯胺,578-54-1
二苯基胺氯胂,578-94-9
盐酸马钱子碱,5786-96-9
二硝基邻甲酚钾,5787-96-2
酸式硫酸三乙基锡,57875-67-9
溴苯乙腈,5798-79-8
"γ-(1,2,4,5/3,6)-六氯环己烷",58-89-9
"2,3,4,6-四氯苯酚",58-90-2
3-氨基喹啉,580-17-6
"1,1,3,3-四甲基丁基氢过氧化物[含量≤100%]",5809-08-5
花青甙,581-64-6
2-硝基萘,581-89-5
乳酸锑,58164-88-8
"S-乙基亚磺酰甲基-O,O-二异丙基二硫代磷酸酯",5827-05-4
苯甲酸汞,583-15-3
"3,4-二甲基己烷",583-48-2
"1,2-二溴苯",583-53-9
"1,2-二甲基环己烷",583-57-3
"3,4-二甲基吡啶",583-58-4
"4-溴-1,2-二甲基苯",583-71-1
"2,5-二氯苯酚",583-78-8
"3,4-二氯苯基偶氮硫脲",5836-73-7
"1-溴-2,4-二硝基苯",584-48-5
"甲苯-2,4-二异氰酸酯",584-84-9
"2,3-二甲基己烷",584-94-1
3-硝基溴苯,585-79-5
萜品油烯,586-62-9
4-溴苯甲酰氯,586-75-4
4-硝基溴苯,586-78-7
二苯基汞,587-85-9
3-甲基己烷,589-34-4
3-己酮,589-38-8
"2,4-二甲基己烷",589-43-5
4-甲基庚烷,589-53-7
3-甲基庚烷,589-81-1
"1,4-二甲基环己烷",589-90-2
"2,5-二甲基吡啶",589-93-5
十六烷基三氯硅烷,5894-60-0
4-氯间甲酚,59-50-7
4-氯汞苯甲酸,59-85-8
丙酸正丁酯,590-01-2
氯乙酸丁酯,590-02-3
"2,2-二甲基戊烷",590-35-2
2-甲基-2-戊醇,590-36-3
"1,1-二甲基环己烷",590-66-9
"2,2-二甲基己烷",590-73-8
3-甲基丁醛,590-86-3
3-溴丙酸,590-92-1
三氟化硼乙酸酐,591-00-4
乙酰替硫脲,591-08-2
3-溴甲苯,591-17-3
3-溴苯胺,591-19-5
3-溴苯酚,591-20-8
"1,3-二甲基环己烷",591-21-9
"3,5-二甲基吡啶",591-22-0
3-氨基苯酚,591-27-5
丙酸仲丁酯,591-34-4
4-甲基-1-环己烯,591-47-9
2-甲基己烷,591-76-4
2-己酮,591-78-6
乙酸烯丙酯,591-87-7
氰化汞钾,591-89-9
"1,4-戊二烯[稳定的]",591-93-5
1-氯-2-丁烯,591-97-9
氰化钙,592-01-8
氰化汞,592-04-1
氰化铅,592-05-2
2-甲基庚烷,592-27-8
氯甲酸正丁酯,592-34-7
1-己烯,592-41-6
"1,5-己二烯",592-42-7
2-己烯,592-43-8
"1,4-己二烯",592-45-0
"2,4-己二烯",592-46-1
"1,3-己二烯",592-48-3
2-溴乙基乙醚,592-55-2
"1,3-环己二烯",592-57-4
1-庚烯,592-76-7
2-庚烯,592-77-8
3-庚烯,592-78-9
甲酸正丁酯,592-84-7
硫氰酸汞,592-85-8
二烯丙基硫醚,592-88-1
氟甲烷,593-53-3
溴乙烯[稳定的],593-60-2
三甲基硼,593-90-8
丙炔和丙二烯混合物[稳定的],59355-75-8
"2,4,4-三甲基戊基-2-过氧化苯氧基乙酸酯[在溶液中,含量≤37%]",59382-51-3
2-氯-2-甲基丁烷,594-36-5
三碘乙酸,594-68-3
"1,1-二氯-1-硝基乙烷",594-72-9
"2,2,3',3'-四甲基丁烷",594-82-1
"2,2-二硝基丙烷",595-49-3
四苯基锡,595-90-4
四乙基锡,597-64-8
水杨酸汞,5970-32-1
乙基二氯胂,598-14-1
三溴乙烯,598-16-3
溴乙酰溴,598-21-0
溴化丙酰,598-22-1
溴丙酮,598-31-2
2-溴丙酸,598-72-1
三氟溴乙烯,598-73-2
3-甲基-2-丁醇,598-75-4
2-氯丙酸,598-78-7
"2,2-二甲基丙酸甲酯",598-98-1
三氯乙酸甲酯,598-99-2
D-苎烯,5989-27-5
2-巯基乙醇,60-24-2
乙醚,60-29-7
2-溴-2-甲基丙酸乙酯,600-00-0
2-硝基丁烷,600-24-8
1-氯-1-硝基丙烷,600-25-9
"1,8-二硝基萘",602-38-0
硝基苊,602-87-9
三硝基间甲酚,602-99-3
三苯基磷,603-35-0
2-戊醇,6032-29-7
"2,4-二硝基萘酚",605-69-6
"1,5-二硝基萘",605-71-0
"2,6-二硝基甲苯",606-20-2
"2,6-二硝基苯胺",606-22-4
2-氯间甲酚,608-26-4
"2,3-二氯苯胺",608-27-5
"2,6-二氯苯胺",608-31-1
"1,2,3,4,5,6-六氯环己烷",608-73-1
五氯苯,608-93-5
4-溴-2-氯氟苯,60811-21-4
2-甲基-3-乙基戊烷,609-26-7
2-氯苯甲酰氯,609-65-4
2-硝基碘苯,609-73-4
2-硝基苯甲酰氯,610-14-0
"2,4-二硝基氯化苄",610-57-1
2-硝基苯乙醚,610-67-3
"2,4-二氯硝基苯",611-06-3
8-甲基喹啉,611-32-5
2-丁烯-1-醇,6117-91-5
邻硝基乙苯,612-22-6
2-硝基氯化苄,612-23-7
盐酸-2-萘胺,612-52-2
7-甲基喹啉,612-60-2
"盐酸-3,3'-二甲基-4,4'-二氨基联苯",612-82-8
"盐酸-3,3'-二氯联苯胺",612-83-9
"1,3-二硝基丙烷",6125-21-9
"N,N-二丁基苯胺",613-29-6
"N,N-二乙基对甲苯胺",613-48-9
过氧苯甲酸叔丁酯[77%＜含量≤100%],614-45-9
盐酸邻苯二胺,615-28-1
2-溴苯胺,615-36-1
"硫酸-2,5-二氨基甲苯",615-50-9
"2,4-二溴苯胺",615-57-6
6-氯间甲酚,615-74-7
碳酸二甲酯,616-38-6
3-甲基噻吩,616-44-4
2-吡咯酮,616-45-5
"N-(4-氯-2-甲基苯基)-N´,N´-二甲基甲脒",6164-98-3
异丁酸异丙酯,617-50-5
3-乙基戊烷,617-78-7
二乙基氨基氰,617-83-4
三乙基锑,617-85-6
糠胺,617-89-0
多氯三联苯,61788-33-8
环烷酸钴[粉状的],61789-51-3
树脂酸铝,61789-65-9
3-硝基苯胂酸,618-07-5
间异丙基苯酚,618-45-1
"3,5-二硝基苯胺",618-87-1
3-硝基氯化苄,619-23-8
"3-硝基-N,N-二甲基苯胺",619-31-8
4-氰基苯甲酸,619-65-8
4-硝基苯甲酰胺,619-80-7
硝酸重氮苯,619-97-6
3-乙基己烷,619-99-8
乙酸苯汞,62-38-4
苯胺,62-53-3
硫脲,62-56-6
"O,O-二甲基-O-(2,2-二氯乙烯基)磷酸酯",62-73-7
N-亚硝基二甲胺,62-75-9
3-甲基苯甲腈,620-22-4
3-乙氧基苯胺,621-33-0
苯胩化二氯,622-44-6
乙酸环己酯,622-45-7
N-乙基对甲苯胺,622-57-1
4-二甲氨基偶氮苯-4'-胂酸,622-68-4
4-甲基苯乙烯[稳定的],622-97-9
1-乙基丁醇,623-37-0
正丁酸甲酯,623-42-7
丁烯酸甲酯,623-43-8
"1,2-二氯二乙醚",623-46-1
碘乙酸乙酯,623-48-3
丁烯酸乙酯,623-70-1
3-氯丙酸乙酯,623-71-2
重氮乙酸乙酯,623-73-4
碳酸二丙酯,623-96-1
盐酸对苯二胺,624-18-0
正戊酸甲酯,624-24-8
丙酸正戊酯,624-54-4
亚硝酸甲酯,624-91-9
二硫化二甲基,624-92-0
2-甲基-2-戊烯,625-27-4
异戊腈,625-28-5
仲戊胺,625-30-9
甲酸异丙酯,625-55-8
硫氰酸异丙酯,625-59-2
"2,5-二甲基呋喃",625-86-5
3-氯氟苯,625-98-9
二仲丁胺,626-23-3
"3,5-二氯苯胺",626-43-7
3-甲基哌啶,626-56-2
4-甲基哌啶,626-58-4
N-甲基哌啶,626-67-5
1-甲基戊醇,626-93-7
1-硝基丁烷,627-05-4
硝酸正丙酯,627-13-4
1-戊炔,627-19-0
3-氯-1-丙醇,627-30-5
二乙基硒,627-53-2
"2,5-二甲基-1,5-己二烯",627-58-7
丁烯二酰氯[反式],627-63-4
1-碘戊烷,628-17-1
甲基正丁基醚,628-28-4
乙基丙基醚,628-32-0
"1,4-环己二烯",628-41-1
乙酸正戊酯,628-63-7
1-庚炔,628-71-7
己腈,628-73-9
"1,5-二氯戊烷",628-76-2
乙基正丁基醚,628-81-9
雷汞[湿的，按质量含水或乙醇和水的混合物不低于20％],628-86-4
环庚烯,628-92-2
8-甲基异喹啉,62882-00-2
5-甲基异喹啉,62882-01-3
1-辛炔,629-05-0
庚腈,629-08-3
乙二醇二乙醚,629-14-1
"1,3,5,7-环辛四烯",629-20-9
甲酸正己酯,629-33-4
辛二腈,629-40-3
甲氧基乙酸甲酯,6290-49-9
一氧化碳,630-08-0
硒脲,630-10-4
毒毛旋花苷G,630-60-4
次磷酸,6303-21-5
乙酸亚汞,631-60-7
"1,1,3,3-四氯丙酮",632-21-3
"2,4,6-三硝基二甲苯",632-92-8
萜烃,63394-00-3
"1,2,3,4-四氯代苯",634-66-2
"1,2,3,5-四氯代苯",634-90-2
"2,4,6-三氯苯胺",634-93-5
"2,4,5-三氯苯胺",636-30-6
对硝基苯甲酰肼,636-97-5
4-硝基碘苯,636-98-6
丙酸异丙酯,637-78-5
正丁酸异丙酯,638-11-9
戊酰氯,638-29-9
甲酸正戊酯,638-49-3
二碘化苯胂,6380-34-3
"4,6-二硝基-2-氨基苯酚锆",63868-82-6
亚硝酸锌铵,63885-01-8
葡萄糖酸汞,63937-14-4
氯四氟乙烷,63938-10-3
,63951-45-1
亚砷酸铁,63989-69-5
3-异丙基苯基-N-氨基甲酸甲酯,64-00-6
乙醇[无水],64-17-5
甲酸,64-18-6
乙酸[含量＞80%],64-19-7
硫酸二乙酯,64-67-5
碘乙酸,64-69-7
"O,O-二甲基-S-(2-乙硫基乙基)二硫代磷酸酯",640-15-3
三碘化锑,64013-16-7
硅铁锂,64082-35-5
2-重氮-1-萘酚-4-磺酸钠,64173-96-2
甲氧基异氰酸甲酯,6427-21-0
过氧化乙酰苯甲酰[在溶液中含量≤45%],644-31-5
异丁酸正丙酯,644-49-5
二氯化膦苯,644-97-3
3-硝基碘苯,645-00-1
"1,3-二氧戊环",646-06-0
庚二腈,646-20-8
"硝酸铵[含可燃物＞0.2%,包括以碳计算的任何有机物,但不包括任何其它添加剂]",6484-52-2
酒石酸化烟碱,65-31-6
"硫酸-2,4-二氨基甲苯",65321-67-7
碳酸亚铊,6533-73-9
煤焦酚,65996-83-0
煤焦沥青,65996-93-2
正己醛,66-25-1
"3-[2-(3,5-二甲基-2-氧代环己基)-2-羟基乙基]戊二酰胺",66-81-9
"3,5-二甲基苯甲酰氯",6613-44-1
"双过氧化十二烷二酸[含量≤42%,含硫酸钠≥56%]",66280-55-5
甲醇,67-56-1
2-丙醇,67-63-0
丙酮,67-64-1
三氯甲烷,67-66-3
六氯乙烷,67-72-1
四氰基代乙烯,670-54-2
"2-氯-4,5-二甲基苯基-N-甲基氨基甲酸酯",671-04-5
"1,1-二-(叔丁基过氧)-3,3,5-三甲基环己烷[90%＜含量≤100%]",6731-36-8
"O,O-二乙基-O-(2,2-二氯-1-β-氯乙氧基乙烯基)-磷酸酯",67329-01-5
乙酰基乙烯酮[稳定的],674-82-8
"3,3-二-(叔戊基过氧)丁酸乙酯[含量≤67%,含A型稀释剂≥33%]",67567-23-1
巯基乙酸,68-11-1
"N,N-二甲基甲酰胺",68-12-2
正硅酸甲酯,681-84-5
五氰金酸四钾,68133-87-9
"叔戊基过氧新癸酸酯[含量≤77%,含B型稀释剂≥23%]",68299-16-1
二丁基二氯化锡,683-18-1
偏硅酸钠,6834-92-0
六氟丙酮,684-16-2
四聚丙烯,6842-15-5
液化石油气,68476-85-7
叔戊基过氧-2-乙基己酸酯[含量≤100%],686-31-7
"2,2’,4,4’,5,5’-六溴二苯醚",68631-49-2
三丁基氢化锡,688-73-3
硅锂,68848-64-6
七溴二苯醚,68928-80-3
树脂酸钴,68956-82-1
异庚烯,68975-47-3
4-甲基-1-戊烯,691-37-2
1-己炔,693-02-7
二乙二醇二硝酸酯[含不挥发、不溶于水的减敏剂≥25%],693-21-0
1-甲基-1-环戊烯,693-89-0
"1,2,5,6-四氢吡啶",694-05-3
环己二胺,694-83-7
铁铈齐,69523-06-4
(RS)-2-[4-(5-三氟甲基-2-吡啶氧基)苯氧基]丙酸丁酯,69806-50-4
溴乙酰苯,70-11-1
"二-(2-羟基-3,5,6-三氯苯基)甲烷",70-30-4
"1-氟-2,4-二硝基苯",70-34-8
全氟辛基磺酸二乙醇铵,70225-14-8
2-环己基丁烷,7058-01-7
"N,N-二异丙基乙胺",7087-68-5
1-丙醇,71-23-8
氯化琥珀胆碱,71-27-2
正丁醇,71-36-3
1-戊醇,71-41-0
苯,71-43-2
"1,1,1-三氯乙烷",71-55-6
二苯基氯胂,712-48-1
2-溴苯甲酰氯,7154-66-7
"二硫代-4,4'-二氨基代二苯",722-27-0
"O,O-二甲基-S-(酞酰亚胺基甲基)二硫代磷酸酯",732-11-6
甲烷,74-82-8
溴甲烷,74-83-9
乙烷,74-84-0
乙烯,74-85-1
乙炔,74-86-2
氯甲烷,74-87-3
碘甲烷,74-88-4
一甲胺[无水],74-89-5
氢氰酸[含量≤20%],74-90-8
甲硫醇,74-93-1
二溴甲烷,74-95-3
溴乙烷,74-96-4
氯溴甲烷,74-97-5
丙烷,74-98-6
"O,O-二异丙基-S-(2-苯磺酰胺基)乙基二硫代磷酸酯",741-58-2
"盐酸-3,3'-二氨基联苯胺",7411-49-6
铝粉,7429-90-5
氪[压缩的或液化的],7439-90-9
金属镧[浸在煤油中的],7439-91-0
锂,7439-93-2
镁,7439-95-4
金属锰粉[含水≥25%],7439-96-5
汞,7439-97-6
金属钕[浸在煤油中的],7440-00-8
氖[压缩的或液化的],7440-01-9
钾,7440-09-7
金属铷,7440-17-7
硅粉[非晶形的],7440-21-3
钠,7440-23-5
金属锶,7440-24-6
铊,7440-28-0
金属钛粉[干的],7440-32-6
锑粉,7440-36-0
氩[压缩的或液化的],7440-37-1
砷,7440-38-2
钡,7440-39-3
铍粉,7440-41-7
镉[非发火的],7440-43-9
铈[粉、屑],7440-45-1
金属铯,7440-46-2
镓,7440-55-3
金属铪粉,7440-58-6
氦[压缩的或液化的],7440-59-7
氙[压缩的或液化的],7440-63-3
锌尘,7440-66-6
金属锆,7440-67-7
钙,7440-70-2
二氧化硒,7446-08-4
二氧化硫,7446-09-5
三氧化硫[稳定的],7446-11-9
硫酸铅[含游离酸＞3%],7446-14-2
三氯化铝[无水],7446-70-0
氯化铜,7447-39-4
二硫化硒,7488-56-4
砷化汞,749262-24-6
氯乙烷,75-00-3
氯乙烯[稳定的],75-01-4
氟乙烯[稳定的],75-02-5
碘乙烷,75-03-6
乙胺,75-04-7
乙腈,75-05-8
乙醛,75-07-0
乙硫醇,75-08-1
二氯甲烷,75-09-2
二氟甲烷,75-10-5
二碘甲烷,75-11-6
二硫化碳,75-15-0
甲基溴化镁[浸在乙醚中],75-16-1
甲硫醚,75-18-3
环丙烷,75-19-4
碳化钙,75-20-7
环氧乙烷,75-21-8
三氟化硼乙胺,75-23-0
三甲基铝,75-24-1
三溴甲烷,75-25-2
2-溴丙烷,75-26-3
异丁烷,75-28-5
2-氯丙烷,75-29-6
2-碘丙烷,75-30-9
2-氨基丙烷,75-31-0
异丙硫醇,75-33-2
"1,1-二氯乙烷",75-34-3
"1,1-二氯乙烯",75-35-4
乙酰氯,75-36-5
"1,1-二氟乙烷",75-37-6
"1,1-二氟乙烯",75-38-7
1-氨基乙醇,75-39-8
二氯一氟甲烷,75-43-4
一氯二氟甲烷,75-45-6
三氟甲烷,75-46-7
三碘甲烷,75-47-8
三甲胺[无水],75-50-3
硝基甲烷,75-52-5
甲基二氯硅烷,75-54-7
"1,2-环氧丙烷",75-56-9
四甲基氢氧化铵,75-59-2
二甲胂酸,75-60-5
二溴二氟甲烷,75-61-6
溴三氟甲烷,75-63-8
叔丁胺,75-64-9
2-甲基-2-丙醇,75-65-0
叔丁基硫醇,75-66-1
"1-氯-1,1-二氟乙烷",75-68-3
三氯一氟甲烷,75-69-4
二氯二氟甲烷,75-71-8
一氯三氟甲烷,75-72-9
四氟甲烷,75-73-0
四甲基铅,75-74-1
甲基磺酸,75-75-2
四甲基硅烷,75-76-3
三甲基氯硅烷,75-77-4
二甲基二氯硅烷,75-78-5
甲基三氯硅烷,75-79-6
"2,2-二甲基丁烷",75-83-2
2-甲基-2-丁醇,75-85-4
三氯乙醛[稳定的],75-87-6
"1-氯-2,2,2-三氟乙烷",75-88-7
"2,2,2-三氟乙醇",75-89-8
"过氧化氢叔丁基[79%＜含量≤90%,含水≥10%]",75-91-2
乙烯基三氯硅烷[稳定的],75-94-5
三溴乙酸,75-96-7
甲基叔丁基甲酮,75-97-8
丁基三氯硅烷,7521-80-4
四氯化钛,7550-45-0
四磷酸六乙酯,757-58-4
三氟化硼乙酸络合物,7578-36-1
氢化锂,7580-67-8
五氯乙烷,76-01-7
三氯乙酰氯,76-02-8
三氯乙酸,76-03-9
三氟乙酸,76-05-1
"1,1,2-三氯-1,2,2-三氟乙烷",76-13-1
二氯四氟乙烷,76-14-2
一氯五氟乙烷,76-15-3
六氟乙烷,76-16-4
八氟丙烷,76-19-7
"1,4,5,6,7,8,8-七氯-3a,4,7,7a-四氢-4,7-亚甲基茚",76-44-8
三苯基氯硅烷,76-86-8
三苯基氢氧化锡,76-87-9
3-甲基-1-戊烯,760-20-3
2-乙基-1-丁烯,760-21-4
高氯酸钠,7601-89-0
高氯酸[浓度＞72%],7601-90-3
过氯酰氟,7616-94-6
过氧化二癸酰[含量≤100%],762-12-9
过氧化二正辛酰[含量≤100%],762-16-3
3-溴丙酰溴,7623-16-7
2-甲基-1-戊烯,763-29-1
亚硫酸氢钠,7631-90-5
硝酸钠,7631-99-4
亚硝酸钠,7632-00-0
四氯化钒,7632-51-1
三氟化硼,7637-07-2
"2,5-二甲基-2,4-己二烯",764-13-6
2-己炔,764-35-2
"1,4-二氯-2-丁烯",764-41-0
砷酸铅,7645-25-2
氢化钠,7646-69-7
四氯化锡[无水],7646-78-8
氯化钴,7646-79-9
氯化锌,7646-85-7
硫酸氢钾,7646-93-7
氯化氢[无水],7647-01-0
盐酸,7647-01-0
五氟化磷,7647-19-0
"2,3-环氧-1-丙醛",765-34-4
N-乙基哌啶,766-09-6
"4,4-二甲基-1,3-二噁烷",766-15-4
正磷酸,7664-38-2
氟化氢[无水],7664-39-3
氢氟酸,7664-39-3
氨,7664-41-7
硫酸,7664-93-9
4-苯基-1-丁烯,768-56-9
硫酸氢钠,7681-38-1
氟化钠,7681-49-4
次氯酸钠溶液[含有效氯＞5%],7681-52-9
碘酸钠,7681-55-2
氢化钾,7693-26-7
氢化镁,7693-27-8
硝酸,7697-37-2
二丁基二(十二酸)锡,77-58-7
二聚环戊二烯,77-73-6
3-甲基-3-戊醇,77-74-7
3-甲基-1-戊炔-3-醇,77-75-8
"2,2-二甲氧基丙烷",77-76-9
硫酸二甲酯,77-78-1
四乙基氢氧化铵,77-98-5
"(E)-O,O-二甲基-O-[1-甲基-2-(1-苯基-乙氧基甲酰)乙烯基]磷酸酯",7700-17-6
硫磺,7704-34-9
氢化钛,7704-98-5
氢化锆,7704-99-6
三氯化钛,7705-07-9
三氯化铁,7705-08-0
过氧化氢四氢化萘,771-29-9
氯化镍,7718-54-9
三氯化钒,7718-98-1
氯化亚砜,7719-09-7
三氯化磷,7719-12-2
五氯化钽,7721-01-9
高锰酸钾,7722-64-7
过氧化氢溶液[含量＞8%],7722-84-1
红磷,7723-14-0
溴,7726-95-6
三溴化铝[无水],7727-15-3
三氯氧化钒,7727-18-6
过二硫酸钾,7727-21-1
氮[压缩的或液化的],7727-37-9
过二硫酸铵,7727-54-0
铬酸溶液,7738-94-5
三聚异丁烯,7756-94-7
硝酸钾,7757-79-1
溴酸钾,7758-01-2
碘酸钾,7758-05-6
亚硝酸钾,7758-09-0
亚氯酸钠,7758-19-2
铬酸铅,7758-97-6
二苯甲基溴,776-74-9
硝酸银,7761-88-8
亚硫酸氢钾,7773-03-7
二碘化汞,7774-29-0
氯酸钠,7775-09-9
铬酸钠,7775-11-3
连二亚硫酸钠,7775-14-6
过硫酸钠,7775-27-1
砷酸,7778-39-4
砷酸氢二钠,7778-43-0
砷酸钙,7778-44-1
重铬酸钾,7778-50-9
次氯酸钙,7778-54-3
次氯酸钾溶液[含有效氯＞5%],7778-66-7
高氯酸钾,7778-74-7
连二亚硫酸锌,7779-86-4
硝酸锌,7779-88-6
氘,7782-39-0
氧[压缩的或液化的],7782-44-7
硒,7782-49-2
锗烷,7782-65-2
碘酸,7782-68-5
亚硝基硫酸,7782-78-7
硝酸亚汞,7782-86-7
氨基化锂,7782-89-0
亚硫酸,7782-99-2
亚硒酸,7783-00-8
硫化氢,7783-06-4
硒化氢[无水],7783-07-5
硒酸,7783-08-6
碘化钾汞,7783-33-7
硫酸汞,7783-35-9
硫酸亚汞,7783-36-0
氟化汞,7783-39-3
氟化铅,7783-46-2
氟化锌,7783-49-5
三氟化氮,7783-54-2
三氟化磷,7783-55-3
三氟化锑,7783-56-4
四氟化铅,7783-59-7
四氟化硫,7783-60-0
四氟化硅,7783-61-1
氟化锆,7783-64-4
五氟化碘,7783-66-6
五氟化锑,7783-70-2
六氟化硒,7783-79-1
六氟化碲,7783-80-4
六氟化钨,7783-82-6
溴酸银,7783-89-3
氯酸银,7783-92-8
高氯酸银,7783-93-9
碘酸银,7783-97-3
高锰酸银,7783-98-4
重铬酸银,7784-02-3
亚砷酸银,7784-08-9
氢化铝,7784-21-6
硝酸铝,7784-27-2
三溴化砷,7784-33-0
三氯化砷,7784-34-1
三氟化砷,7784-35-2
砷酸汞,7784-37-4
砷酸钾,7784-41-0
砷酸氢二铵,7784-44-3
三碘化砷,7784-45-4
亚砷酸钠,7784-46-5
硫酸镍,7786-81-4
氟化钡,7787-32-8
高锰酸钡,7787-36-2
硒酸钡,7787-41-9
氯化铍,7787-47-5
三氟化铋,7787-61-3
五氟化铋,7787-62-4
三氟化溴,7787-71-5
氟化铬,7788-97-8
铬酸钾,7789-00-6
重铬酸铵,7789-09-5
硝酸铯,7789-18-6
氟化铜,7789-19-7
氟磺酸,7789-21-1
氟化钾,7789-23-3
氟化锂,7789-24-4
氟化氢钾,7789-29-9
五氟化溴,7789-30-2
溴酸,7789-31-3
一溴化碘,7789-33-5
溴酸镁,7789-36-8
溴酸钠,7789-38-0
溴化亚铊,7789-40-4
溴化汞,7789-47-1
溴化硒,7789-52-8
三溴化碘,7789-58-4
氧溴化磷,7789-59-5
三溴化磷,7789-60-8
三溴化锑,7789-61-9
四溴化硒,7789-65-3
四溴化锡,7789-67-5
五溴化磷,7789-69-7
氢化钙,7789-78-8
碘酸钙,7789-80-2
高碘酸钾,7790-21-8
高碘酸钠,7790-28-5
碘化亚铊,7790-30-9
碘酸锌,7790-37-6
四碘化锡,7790-47-8
硒酸钾,7790-59-2
硝酸锂,7790-69-4
氟化镉,7790-79-6
碘酸镉,7790-81-0
三氟化氯,7790-91-2
氯酸溶液[浓度≤10%],7790-93-4
氯磺酸,7790-94-5
高氯酸铵,7790-98-9
一氯化碘,7790-99-0
高氯酸锂,7791-03-9
氯酸锶,7791-10-8
氯化亚铊,7791-12-0
氧氯化硒,7791-23-3
氧氯化硫,7791-25-5
氯化二硫酰,7791-27-7
乙基三乙氧基硅烷,78-07-9
乙烯三乙氧基硅烷,78-08-0
硅酸四乙酯,78-10-4
季戊四醇四硝酸酯[含蜡≥7%],78-11-5
"过氧化环己酮[含量≤72%,含A型稀释剂≥28%]",78-18-2
"S,S´-(1,4-二噁烷2,3-二基)O,O,O´,O´-四乙基双(二硫代磷酸酯)",78-34-2
"S,S,S-三丁基三硫代磷酸酯",78-48-8
二甲基二乙氧基硅烷,78-62-6
"2,5-二甲基-2,5-二(叔丁基过氧)己烷[90%＜含量≤100%]",78-63-7
"2,2'-偶氮二异丁腈",78-67-1
"1,2-二溴丙烷",78-75-1
2-溴丁烷,78-76-2
1-溴-2-甲基丙烷,78-77-3
2-甲基丁烷,78-78-4
"2-甲基-1,3-丁二烯[稳定的]",78-79-5
异丙烯基乙炔,78-80-8
异丁胺,78-81-9
异丁腈,78-82-0
2-甲基-1-丙醇,78-83-1
异丁醛,78-84-2
α-甲基丙烯醛,78-85-3
2-氯丁烷,78-86-4
"1,2-二氯丙烷",78-87-5
"2,3-二氯丙烯",78-88-6
2-氯-1-丙醇,78-89-7
"1,2-丙二胺",78-90-0
2-丁醇,78-92-2
2-丁酮,78-93-3
一氯丙酮,78-95-5
锑化氢,7803-52-3
二氨基镁,7803-54-5
偏钒酸铵,7803-55-6
甲硅烷,7803-62-5
硫酸氢铵,7803-63-6
"O,O-二乙基-S-(4-氯苯硫基甲基)二硫代磷酸酯",786-19-6
"1,1,2-三氯乙烷",79-00-5
三氯乙烯,79-01-6
丙酰氯,79-03-8
氯乙酰氯,79-04-9
丙烯酰胺,79-06-1
溴乙酸,79-08-3
丙酸,79-09-4
丙烯酸[稳定的],79-10-7
氯乙酸,79-11-8
乙酸甲酯,79-20-9
"过乙酸[含量≤16%,含水≥39%,含乙酸≥15%,含过氧化氢≤24%,含有稳定剂]",79-21-0
硝基乙烷,79-24-3
"1,1,2,2-四溴乙烷",79-27-6
"2,3-二甲基丁烷",79-29-8
异丁酰氯,79-30-1
异丁酸,79-31-2
"1,1,2,2-四氯乙烷",79-34-5
二氯乙酰氯,79-36-7
乙二酰氯,79-37-8
三氟氯乙烯[稳定的],79-38-9
甲基丙烯酸[稳定的],79-41-4
2-巯基丙酸,79-42-5
二氯乙酸,79-43-6
二甲氨基甲酰氯,79-44-7
2-硝基丙烷,79-46-9
三氯三氟丙酮,79-52-7
莰烯,79-92-5
二苯基二氯硅烷,80-10-4
"过氧化氢异丙苯[90%＜含量≤98%,含A型稀释剂≤10%]",80-15-9
苯磺酰肼,80-17-1
过氧化二异丙苯[52%＜含量≤100%],80-43-3
过氧化氢对孟烷,80-47-7
二(苯磺酰肼)醚,80-51-3
2-羟基异丁酸乙酯,80-55-7
α-蒎烯,80-56-8
甲基丙烯酸甲酯[稳定的],80-62-6
邻硝基苯磺酸,80-82-0
迷迭香油,8000-25-7
八氯莰烯,8001-35-2
石油原油,8002-05-9
松油,8002-09-3
松油精,8002-16-2
天然气[富含甲烷的],8006-14-2
钠石灰[含氢氧化钠＞4%],8006-28-8
松节油,8006-64-2
土荆芥油,8006-99-3
腰果壳油,8007-24-7
煤焦油,8007-45-2
硝基盐酸,8007-56-5
煤油,8008-20-6
樟脑油,8008-51-3
阿片,8008-60-4
松焦油,8011-48-1
杂戊醇,8013-75-0
发烟硫酸,8014-95-7
乳香油,8016-36-2
多聚磷酸,8017-16-1
木馏油,8021-39-4
石脑油,8030-30-6
石油醚,8032-32-4
"硝化纤维塑料[板、片、棒、管、卷等状,不包括碎屑]",8050-88-2
3-(1-甲基丁基)苯基-N-甲基氨基甲酸酯 和 3-(1-乙基丙基)苯基-N-甲基氨基甲酸酯,8065-36-9
"5-叔丁基-2,4,6-三硝基间二甲苯",81-15-2
"2-硝基-1,3-二甲苯",81-20-9
3-(α-乙酰甲基苄基)-4-羟基香豆素,81-81-2
"1,8-萘二甲酸酐",81-84-5
氯甲酸环丁酯,81228-87-7
甲基异丙烯甲酮[稳定的],814-78-8
二丁基氧化锡,818-08-6
五氯硝基苯,82-68-8
"2,4,6-三硝基间苯二酚",82-71-3
六亚甲基二异氰酸酯,822-06-0
"2,6-二氨基甲苯",823-40-5
邻硝基苯酚钾,824-38-4
苯基氧氯化膦,824-72-6
对硝基苯酚钠,824-78-2
"2-特戊酰-2,3-二氢-1,3-茚二酮",83-26-1
苊,83-32-9
"3-硝基-1,2-二甲苯",83-41-0
"4,6-二硝基-2-氨基苯酚钠",831-52-7
"2,3-二氰-5,6-二氯氢醌",84-58-2
邻苯二甲酸二异丁酯,84-69-5
"N,N-二乙基-1-萘胺",84-95-7
支链-4-壬基酚,84852-15-3
邻苯二甲酰亚胺,85-41-6
邻苯二甲酸酐[含马来酸酐大于0.05%],85-44-9
三丁基锡环烷酸,85409-17-2
短链氯化石蜡（C10-13）,85535-84-8
2-硝基联苯,86-00-0
N-亚硝基二苯胺,86-30-6
"O,O-二甲基-S-(3,4-二氢-4-氧代苯并[d]-[1,2,3]-三氮苯-3-基甲基)二硫代磷酸酯",86-50-0
1-萘甲腈,86-53-3
1-硝基萘,86-57-7
亚氨基二亚苯,86-74-8
1-萘基硫脲,86-88-4
汽油,86290-81-5
甲醇钾,865-33-8
三氯化碘,865-44-1
二氯醛基丙烯酸,87-56-9
"2,3-二甲基苯胺",87-59-2
"1,2,3-三氯代苯",87-61-6
"2,6-二甲基苯胺",87-62-7
"2,6-二氯苯酚",87-65-0
"六氯-1,3-丁二烯",87-68-3
三氯异氰脲酸,87-90-1
2-丙烯-1-硫醇,870-23-5
1-癸烯,872-05-9
"2,4,6-三氯苯酚",88-06-2
2-氯三氟甲苯,88-16-4
2-三氟甲基苯胺,88-17-5
2-叔丁基苯酚,88-18-6
邻异丙基苯酚,88-69-7
2-硝基甲苯,88-72-2
2-氯硝基苯,88-73-3
2-硝基苯胺,88-74-4
2-硝基苯酚,88-75-5
"2-仲丁基-4,6-二硝基酚",88-85-7
"2,4,6-三硝基氯苯",88-88-0
"2,4,6-三硝基苯酚",88-89-1
邻苯二甲酰氯,88-95-9
"2,4-二硝基萘酚钠",887-79-6
苯四甲酸酐,89-32-7
4-氯-2-硝基甲苯,89-59-8
"2,5-二氯硝基苯",89-61-2
2-硝基-4-甲苯胺,89-62-3
4-氯-2-硝基苯胺,89-63-4
4-氯-2-硝基苯酚,89-64-5
"2,4-二氯苯甲酰氯",89-75-8
"4-硝基-1,3-二甲苯",89-87-2
甲基苄基溴,89-92-9
"二-(4-甲基苯甲酰)过氧化物[硅油糊状物,含量≤52%]",895-85-2
水杨醛,90-02-8
2-氯汞苯酚,90-03-9
2-甲氧基苯胺,90-04-0
1-甲基萘,90-12-0
1-氯化萘,90-13-1
2-氨基联苯,90-41-5
2-苯基苯酚,90-43-7
三苯基乙酸锡,900-95-8
聚乙醛,9002-91-9
硝化纤维素[干的或含水（或乙醇）＜25%],9004-70-0
树脂酸钙,9007-13-0
树脂酸锰,9008-34-8
树脂酸锌,9010-69-9
壬基酚聚氧乙烯醚,9016-45-9
硝化淀粉,9056-38-6
多硫化铵溶液,9080-17-5
"甲苯-2,6-二异氰酸酯",91-08-7
十氢化萘,91-17-8
萘,91-20-3
喹啉,91-22-5
2-硝基苯甲醚,91-23-6
2-甲基萘,91-57-6
2-萘胺,91-59-8
6-甲基喹啉,91-62-3
2-甲基喹啉,91-63-4
"N,N-二乙基苯胺",91-66-7
"3,3’-二氯联苯胺",91-94-1
1-萘氧基二氯化膦,91270-74-5
乙醇钾,917-58-8
亚砷酸锶,91724-16-2
联苯,92-52-4
N-苄基-N-乙基苯胺,92-59-1
4-氨基联苯,92-67-1
"4,4'-二氨基联苯",92-87-5
4-硝基联苯,92-93-3
"3,4-二甲基庚烷",922-28-1
3-甲基-2-戊烯,922-61-2
"1,3-二氯-2-丁烯",926-57-8
"N,N-二甲基丙胺",926-63-6
"3,5-二甲基庚烷",926-82-9
"叔丁基过氧新戊酸酯[27%＜含量≤67%,含B型稀释剂≥33%]",927-07-1
硝酸正丁酯,928-45-0
3-己炔,928-49-4
己基三氯硅烷,928-65-4
2-(2-氨基乙氧基)乙醇,929-06-6
苯甲酸甲酯,93-58-3
过氧化氢苯甲酰,93-59-4
2-氯乙酰-N-乙酰苯胺,93-70-9
"2-(2,4,5-三氯苯氧基)丙酸",93-72-1
"2,4,5-三氯苯氧乙酸",93-76-5
氯化环戊烷,930-28-9
2-环己烯-1-酮,930-68-7
环辛烯,931-87-3
硝基三唑酮,932-64-9
"3-氯苯过氧甲酸[57%＜含量≤86%,惰性固体含量≥14%]",937-14-4
甲基苄基亚硝胺,937-40-6
过氧化二-(4-氯苯甲酰)[含量≤77%],94-17-7
"过氧化二苯甲酰[51%＜含量≤100%,惰性固体含量≤48%]",94-36-0
2-乙氧基苯胺,94-70-2
5-氯-2-甲氧基苯胺,95-03-4
"N,N-二乙基二硫代氨基甲酸-2-氯烯丙基酯",95-06-7
2-溴甲苯,95-46-5
"1,2-二甲苯",95-47-6
2-甲酚,95-48-7
2-氯甲苯,95-49-8
"1,2-二氯苯",95-50-1
2-氯苯胺,95-51-2
2-氟甲苯,95-52-3
2-甲基苯胺,95-53-4
"1,2-苯二胺",95-54-5
2-氨基苯酚,95-55-6
2-溴苯酚,95-56-7
2-氯苯酚,95-57-8
"1,2,4-三甲基苯",95-63-6
"3,4-二甲基苯胺",95-64-7
"3,4-二甲苯酚",95-65-8
"2,4-二甲基苯胺",95-68-1
"2,5-二氨基甲苯",95-70-5
"2,4-二氯甲苯",95-73-8
"3,4-二氯甲苯",95-75-0
"3,4-二氯苯胺",95-76-1
"3,4-二氯苯酚",95-77-2
"2,5-二甲基苯胺",95-78-3
5-氯-2-甲基苯胺,95-79-4
"2,4-二氨基甲苯",95-80-7
"2,5-二氯苯胺",95-82-9
4-氯-2-氨基苯酚,95-85-2
"2,5-二甲苯酚",95-87-4
乙二酸二乙酯,95-92-1
"1,2,4,5-四甲苯",95-93-2
"1,2,4,5-四氯代苯",95-94-3
"2,4,5-三氯苯酚",95-95-4
"O,O-二甲基-S-(2,3-二氢-5-甲氧基-2-氧代-1,3,4-噻二唑-3-基甲基)二硫代磷酸酯",950-37-8
"3-羟基-1,1-二甲基丁基过氧新癸酸[含量≤52%,含A型稀释剂≥48%]",95718-78-8
甲基丙烯酸烯丙酯,96-05-9
氧化苯乙烯,96-09-3
氯化二乙基铝,96-10-6
3-甲基戊烷,96-14-0
"1,2,3-三氯丙烷",96-18-4
3-戊酮,96-22-0
"1,3-二氯-2-丙醇",96-23-1
"3-氯-1,2-丙二醇",96-24-2
2-丁酮肟,96-29-7
溴乙酸甲酯,96-32-2
丙烯酸甲酯[稳定的],96-33-3
氯乙酸甲酯,96-34-4
甲基环戊烷,96-37-7
环戊醇,96-41-3
2-甲基四氢呋喃,96-47-9
"N,N-二异丙基乙醇胺",96-80-0
"4,6-二硝基-2-氨基苯酚",96-91-3
"2,4-二硝基二苯胺",961-68-2
"1-(2-叔丁基过氧异丙基)-3-异丙烯基苯[含量≤42%,惰性固体含量≥58%]",96319-55-0
"1-氯-2,4-二硝基苯",97-00-7
"2,4-二硝基苯胺",97-02-9
4-硝基-2-甲氧基苯胺,97-52-9
异丁酸乙酯,97-62-1
甲基丙烯酸乙酯[稳定的],97-63-2
2-羟基丙酸乙酯,97-64-3
异丁酸酐,97-72-3
异丁酸异丁酯,97-85-8
甲基丙烯酸异丁酯[稳定的],97-86-9
甲基丙烯酸正丁酯[稳定的],97-88-1
三乙基铝,97-93-8
三乙基硼,97-94-9
2-乙基-1-丁醇,97-95-0
2-乙基丁醛,97-96-1
二甲基氯乙缩醛,97-97-2
2-呋喃甲醇,98-00-0
糠醛,98-01-1
2-硫代呋喃甲醇,98-02-2
苯胂酸,98-05-5
叔丁基苯,98-06-6
三氯甲苯,98-07-7
三氟甲苯,98-08-8
苯磺酰氯,98-09-9
环己基三氯硅烷,98-12-4
苯基三氯硅烷,98-13-5
3-氯三氟甲苯,98-15-7
3-三氟甲基苯胺,98-16-8
间硝基苯磺酸,98-47-5
"1,3-苯二磺酸溶液",98-48-6
4-氨基苯胂酸,98-50-0
4-叔丁基苯酚,98-54-4
4-氯三氟甲苯,98-56-6
4-溴苯磺酰氯,98-58-8
对甲苯磺酰氯,98-59-9
4-硝基苯胂酸,98-72-6
4-硝基苯磺酰氯,98-74-8
异丙基苯,98-82-8
2-苯基丙烯,98-83-9
α-甲基苯基甲醇,98-85-1
"α,α-二氯甲苯",98-87-3
苯甲酰氯,98-88-4
"N,N-二甲基环己胺",98-94-2
硝基苯,98-95-3
3-硝基甲苯,99-08-1
3-硝基苯胺,99-09-2
"5-硝基-1,3-二甲苯",99-12-7
"3,5-二硝基苯甲酰氯",99-33-2
"1,3,5-三硝基苯",99-35-4
"4-硝基-1,2-二甲苯",99-51-4
4-硝基-2-甲苯胺,99-52-5
"3,4-二氯硝基苯",99-54-7
4-硝基-2-氨基苯酚,99-57-0
间苯二甲酰氯,99-63-8
"1,3-二硝基苯",99-65-0
4-溴苯乙酰基溴,99-73-0
甲基异丙基苯,99-87-6
对异丙基苯酚,99-89-8
"4-氨基-N,N-二甲基苯胺",99-98-9
4-硝基甲苯,99-99-0
N-(苯乙基-4-哌啶基)丙酰胺柠檬酸盐,990-73-8
甲酸亚铊,992-98-3
甲基氯硅烷,993-00-0
"4,4-双-(过氧化叔丁基)戊酸正丁酯[52%＜含量≤100%]",995-33-5
O-甲基-O-[(2-异丙氧基甲酰)苯基]-N-异丙基硫代磷酰胺,99675-03-3
六甲基二硅烷胺,999-97-3